frame,timestamp,hs_crop_source,composite_fear,hs_dominant,mp_ctx_tag,mp_velocity_tag,agreement_tag,veto_tag,hs_fear,hs_arousal,hs_dominant_score,mp_tension,mp_startle_score,f0,f1,f2,f3,f4,f5,f6,smoothed_composite,onset_slope,event_status,is_neutral_frame,mp_face_valence,mp_smile_level,mp_browDownLeft,mp_browDownRight,mp_browInnerUp,mp_eyeWideLeft,mp_eyeWideRight,mp_eyeSquintLeft,mp_eyeSquintRight,mp_mouthPressLeft,mp_mouthPressRight,mp_mouthFrownLeft,mp_mouthFrownRight,mp_mouthSmileLeft,mp_mouthSmileRight,mp_jawOpen,mp_noseSneerLeft,mp_noseSneerRight,mp_cheekSquintLeft,mp_cheekSquintRight,mp_vel_eyeWideLeft,mp_vel_eyeWideRight,mp_vel_browInnerUp,mp_vel_jawOpen,mp_vel_mouthPressLeft,mp_vel_mouthPressRight,mp_tension_velocity,hs_anger,hs_contempt,hs_disgust,hs_fear,hs_happiness,hs_neutral,hs_sadness,hs_surprise,mp_face_detected,hs_face_detected,latency_ms,cpu_percent,ram_mb
1,0.033,haar,0.0035,Sadness,---,---,AMBIGUOUS,---,0.0016,-0.0836,0.7177,0.1341,0.0000,0.0035,0.0546,0.0547,0.0243,0.0000,0.0410,0.0465,0.0547,0.000000,IDLE,0,-0.0314,0.0000,0.0107,0.0518,0.0057,0.0005,0.0002,0.4810,0.6507,0.0117,0.0056,0.0001,0.0001,0.0000,0.0000,0.0071,0.0000,0.0000,0.0000,0.0000,0.0000,0.0000,0.0000,0.0000,0.0000,0.0000,0.0000,0.1478,0.0013,0.0006,0.0016,0.0002,0.1287,0.7177,0.0021,1,1,1241.1,0.0,231.1
2,0.067,haar,0.0580,Sadness,---,---,AMBIGUOUS,---,0.0013,0.0068,0.6573,0.1348,0.2307,0.0580,0.0547,0.0547,0.0424,0.0000,0.0457,0.0389,0.0547,0.000000,IDLE,0,-0.0726,0.0000,0.0294,0.1152,0.0015,0.0023,0.0024,0.5563,0.4755,0.0092,0.0089,0.0003,0.0004,0.0000,0.0000,0.0148,0.0000,0.0000,0.0000,0.0000,0.0533,0.0681,0.0000,0.2307,0.0000,0.0990,0.0222,0.2894,0.0010,0.0007,0.0013,0.0000,0.0491,0.6573,0.0013,1,1,78.1,0.0,231.1
3,0.100,haar,0.0529,Sadness,---,---,AMBIGUOUS,---,0.0016,-0.0025,0.6922,0.1359,0.2773,0.0529,0.0554,0.0553,0.0411,0.0000,0.0471,0.0409,0.0549,0.000000,IDLE,0,-0.0623,0.0000,0.0445,0.0772,0.0010,0.0037,0.0037,0.5950,0.4604,0.0185,0.0046,0.0012,0.0016,0.0000,0.0000,0.0095,0.0000,0.0000,0.0000,0.0000,0.0418,0.0392,0.0000,0.0000,0.2773,0.0000,0.0340,0.2614,0.0008,0.0007,0.0016,0.0000,0.0418,0.6922,0.0014,1,1,64.9,0.0,231.1
4,0.133,haar,0.0567,Sadness,---,---,AMBIGUOUS,---,0.0017,0.0029,0.6898,0.1374,0.0202,0.0567,0.0560,0.0559,0.0426,0.0000,0.0425,0.0415,0.0551,0.000000,IDLE,0,-0.0679,0.0000,0.0481,0.0831,0.0009,0.0036,0.0040,0.5861,0.4713,0.0192,0.0040,0.0019,0.0026,0.0000,0.0000,0.0085,0.0000,0.0000,0.0000,0.0000,0.0000,0.0079,0.0000,0.0000,0.0202,0.0000,0.0440,0.2582,0.0010,0.0007,0.0017,0.0000,0.0472,0.6898,0.0013,1,1,69.4,0.0,231.1
5,0.167,haar,0.0184,Sadness,---,---,AMBIGUOUS,---,0.0014,-0.0604,0.7549,0.1366,0.0246,0.0184,0.0555,0.0553,0.0296,0.0000,0.0421,0.0441,0.0552,0.000000,IDLE,0,-0.0649,0.0000,0.0461,0.0805,0.0009,0.0041,0.0042,0.5896,0.4639,0.0183,0.0046,0.0014,0.0018,0.0000,0.0000,0.0093,0.0000,0.0000,0.0000,0.0000,0.0145,0.0064,0.0012,0.0246,0.0000,0.0179,0.0000,0.2055,0.0005,0.0005,0.0014,0.0000,0.0364,0.7549,0.0009,1,1,73.6,0.0,231.1
6,0.200,haar,0.0911,Sadness,---,---,AMBIGUOUS,---,0.0023,0.0629,0.6345,0.1335,0.0081,0.0911,0.0548,0.0546,0.0538,0.0000,0.0414,0.0372,0.0551,0.000000,IDLE,0,-0.0646,0.0000,0.0420,0.0856,0.0008,0.0031,0.0036,0.5594,0.4752,0.0156,0.0048,0.0007,0.0009,0.0000,0.0000,0.0096,0.0000,0.0000,0.0000,0.0000,0.0000,0.0000,0.0000,0.0081,0.0000,0.0053,0.0000,0.3220,0.0010,0.0010,0.0023,0.0000,0.0375,0.6345,0.0016,1,1,72.2,22.5,338.1
7,0.233,haar,0.1132,Sadness,---,---,AMBIGUOUS,---,0.0015,0.1022,0.5729,0.1296,0.0029,0.1132,0.0527,0.0527,0.0601,0.0000,0.0397,0.0332,0.0548,0.000000,IDLE,0,-0.0570,0.0000,0.0415,0.0714,0.0009,0.0028,0.0031,0.5433,0.4749,0.0157,0.0045,0.0005,0.0007,0.0000,0.0000,0.0088,0.0000,0.0000,0.0000,0.0000,0.0000,0.0000,0.0028,0.0000,0.0029,0.0000,0.0000,0.3713,0.0013,0.0009,0.0015,0.0000,0.0507,0.5729,0.0014,1,1,74.0,22.5,338.1
8,0.267,haar,0.0815,Sadness,---,---,AMBIGUOUS,---,0.0013,0.0485,0.6513,0.1310,0.0000,0.0815,0.0532,0.0531,0.0496,0.0000,0.0399,0.0370,0.0545,0.000000,IDLE,0,-0.0645,0.0000,0.0474,0.0802,0.0006,0.0025,0.0027,0.5338,0.4842,0.0156,0.0040,0.0006,0.0009,0.0000,0.0000,0.0085,0.0000,0.0000,0.0000,0.0000,0.0000,0.0000,0.0000,0.0000,0.0000,0.0000,0.0423,0.3049,0.0009,0.0006,0.0013,0.0000,0.0401,0.6513,0.0009,1,1,64.4,22.5,338.1
9,0.300,haar,0.0930,Sadness,---,---,AMBIGUOUS,---,0.0020,0.0698,0.5711,0.1278,0.0318,0.0930,0.0523,0.0521,0.0533,0.0000,0.0400,0.0326,0.0543,0.000000,IDLE,0,-0.0581,0.0000,0.0455,0.0690,0.0008,0.0036,0.0030,0.4827,0.5167,0.0149,0.0049,0.0007,0.0010,0.0000,0.0000,0.0081,0.0000,0.0000,0.0000,0.0000,0.0318,0.0066,0.0060,0.0000,0.0000,0.0265,0.0000,0.3758,0.0008,0.0004,0.0020,0.0000,0.0488,0.5711,0.0011,1,1,81.5,22.5,338.1
10,0.333,haar,0.0170,Sadness,---,---,AMBIGUOUS,---,0.0021,-0.0575,0.6833,0.1288,0.0416,0.0170,0.0528,0.0526,0.0282,0.0000,0.0405,0.0394,0.0541,-0.000057,IDLE,0,-0.0801,0.0000,0.0731,0.0850,0.0007,0.0046,0.0044,0.4903,0.4678,0.0126,0.0047,0.0009,0.0013,0.0000,0.0000,0.0086,0.0000,0.0000,0.0000,0.0000,0.0301,0.0416,0.0000,0.0151,0.0000,0.0000,0.0305,0.2531,0.0006,0.0004,0.0021,0.0000,0.0595,0.6833,0.0010,1,1,68.5,22.5,338.1
11,0.367,haar,0.0236,Sadness,---,---,AMBIGUOUS,---,0.0023,-0.0446,0.6441,0.1259,0.0000,0.0236,0.0517,0.0515,0.0300,0.0000,0.0389,0.0366,0.0539,-0.000082,IDLE,0,-0.0863,0.0000,0.0824,0.0875,0.0007,0.0041,0.0043,0.4571,0.4684,0.0102,0.0044,0.0011,0.0016,0.0000,0.0000,0.0077,0.0000,0.0000,0.0000,0.0000,0.0000,0.0000,0.0000,0.0000,0.0000,0.0000,0.0000,0.2922,0.0006,0.0005,0.0023,0.0000,0.0593,0.6441,0.0009,1,1,82.6,22.5,338.1
12,0.400,haar,0.0179,Sadness,---,---,AMBIGUOUS,---,0.0015,-0.0512,0.6728,0.1216,0.0462,0.0179,0.0495,0.0494,0.0270,0.0000,0.0381,0.0361,0.0535,-0.000140,IDLE,0,-0.0799,0.0000,0.0706,0.0867,0.0008,0.0036,0.0038,0.4571,0.4387,0.0111,0.0059,0.0011,0.0015,0.0000,0.0000,0.0071,0.0000,0.0000,0.0000,0.0000,0.0000,0.0000,0.0022,0.0000,0.0288,0.0462,0.0000,0.2704,0.0006,0.0003,0.0015,0.0000,0.0537,0.6728,0.0006,1,1,35.5,22.5,338.1
13,0.433,haar,0.0265,Sadness,---,---,AMBIGUOUS,---,0.0009,-0.0381,0.7211,0.1236,0.0183,0.0265,0.0500,0.0499,0.0299,0.0000,0.0379,0.0381,0.0532,-0.000193,IDLE,0,-0.0828,0.0000,0.0701,0.0930,0.0008,0.0033,0.0033,0.4705,0.4391,0.0104,0.0066,0.0011,0.0015,0.0000,0.0000,0.0074,0.0000,0.0000,0.0000,0.0000,0.0000,0.0000,0.0002,0.0085,0.0000,0.0183,0.0589,0.2382,0.0005,0.0006,0.0009,0.0000,0.0381,0.7211,0.0006,1,1,27.2,22.5,338.1
14,0.467,haar,0.1352,Sadness,---,---,AMBIGUOUS,---,0.0008,0.1406,0.4831,0.1269,0.0580,0.1352,0.0512,0.0512,0.0666,0.0000,0.0396,0.0280,0.0531,-0.000211,IDLE,0,-0.0833,0.0000,0.0704,0.0937,0.0008,0.0033,0.0034,0.4975,0.4373,0.0124,0.0066,0.0011,0.0015,0.0000,0.0000,0.0078,0.0000,0.0000,0.0000,0.0000,0.0000,0.0019,0.0019,0.0110,0.0580,0.0018,0.1012,0.4541,0.0014,0.0004,0.0008,0.0000,0.0595,0.4831,0.0007,1,1,17.6,22.5,338.1
15,0.500,haar,0.1362,Sadness,---,---,AMBIGUOUS,---,0.0008,0.1406,0.4831,0.1295,0.0109,0.1362,0.0523,0.0523,0.0674,0.0000,0.0395,0.0285,0.0530,-0.000207,IDLE,0,-0.0876,0.0000,0.0733,0.0995,0.0008,0.0035,0.0033,0.5087,0.4392,0.0127,0.0067,0.0010,0.0014,0.0000,0.0000,0.0080,0.0000,0.0000,0.0000,0.0000,0.0053,0.0000,0.0000,0.0082,0.0109,0.0016,0.0783,0.4541,0.0014,0.0004,0.0008,0.0000,0.0595,0.4831,0.0007,1,1,20.4,22.5,338.1
16,0.533,haar,0.2602,Anger,---,---,AMBIGUOUS,---,0.0005,0.3481,0.6971,0.1285,0.0439,0.2602,0.0517,0.0518,0.1084,0.0000,0.0397,0.0157,0.0529,-0.000181,IDLE,0,-0.0870,0.0000,0.0717,0.1002,0.0009,0.0043,0.0042,0.5095,0.4207,0.0142,0.0072,0.0009,0.0012,0.0000,0.0000,0.0078,0.0000,0.0000,0.0000,0.0000,0.0251,0.0275,0.0018,0.0000,0.0439,0.0174,0.0000,0.6971,0.0025,0.0006,0.0005,0.0000,0.0449,0.2538,0.0006,1,1,21.3,22.5,338.1
17,0.567,haar,0.2500,Anger,---,---,AMBIGUOUS,---,0.0009,0.3344,0.7471,0.1234,0.0476,0.2500,0.0499,0.0498,0.1043,0.0000,0.0384,0.0126,0.0528,-0.000178,IDLE,0,-0.0909,0.0000,0.0738,0.1056,0.0009,0.0059,0.0058,0.5135,0.3478,0.0145,0.0085,0.0010,0.0015,0.0000,0.0000,0.0070,0.0000,0.0000,0.0000,0.0000,0.0476,0.0461,0.0000,0.0000,0.0095,0.0387,0.0000,0.7471,0.0017,0.0006,0.0009,0.0000,0.0456,0.2035,0.0007,1,1,19.6,22.5,338.1
18,0.600,haar,0.2495,Anger,---,---,AMBIGUOUS,---,0.0009,0.3344,0.7471,0.1221,0.0086,0.2495,0.0494,0.0493,0.1040,0.0000,0.0372,0.0125,0.0526,-0.000171,IDLE,0,-0.0890,0.0000,0.0704,0.1056,0.0009,0.0061,0.0061,0.5094,0.3451,0.0141,0.0078,0.0008,0.0012,0.0000,0.0000,0.0072,0.0000,0.0000,0.0000,0.0000,0.0078,0.0086,0.0005,0.0084,0.0000,0.0000,0.0000,0.7471,0.0017,0.0006,0.0009,0.0000,0.0456,0.2035,0.0007,1,1,18.4,22.5,338.1
19,0.633,haar,0.2457,Anger,---,---,AMBIGUOUS,---,0.0006,0.3269,0.7381,0.1238,0.0113,0.2457,0.0499,0.0499,0.1028,0.0000,0.0377,0.0131,0.0524,-0.000168,IDLE,0,-0.0920,0.0000,0.0723,0.1099,0.0009,0.0059,0.0056,0.5062,0.3596,0.0140,0.0075,0.0007,0.0011,0.0000,0.0000,0.0076,0.0000,0.0000,0.0000,0.0000,0.0000,0.0000,0.0000,0.0113,0.0000,0.0000,0.0506,0.7381,0.0017,0.0004,0.0006,0.0000,0.0451,0.2135,0.0005,1,1,19.9,22.5,338.1
20,0.667,haar,0.2214,Anger,---,---,AMBIGUOUS,---,0.0006,0.2849,0.7098,0.1260,0.0468,0.2214,0.0508,0.0507,0.0951,0.0000,0.0390,0.0147,0.0523,-0.000153,IDLE,0,-0.0984,0.0000,0.0755,0.1193,0.0008,0.0056,0.0053,0.5056,0.3624,0.0155,0.0082,0.0008,0.0012,0.0000,0.0000,0.0077,0.0000,0.0000,0.0000,0.0000,0.0000,0.0000,0.0000,0.0015,0.0468,0.0211,0.0666,0.7098,0.0021,0.0004,0.0006,0.0000,0.0621,0.2245,0.0005,1,1,21.5,22.5,338.1
21,0.700,haar,0.2216,Anger,---,---,AMBIGUOUS,---,0.0006,0.2849,0.7098,0.1266,0.0105,0.2216,0.0510,0.0510,0.0952,0.0000,0.0385,0.0148,0.0523,-0.000121,IDLE,0,-0.0990,0.0000,0.0750,0.1213,0.0009,0.0058,0.0052,0.5038,0.3673,0.0159,0.0080,0.0007,0.0011,0.0000,0.0000,0.0077,0.0000,0.0000,0.0000,0.0000,0.0056,0.0000,0.0014,0.0016,0.0105,0.0000,0.0173,0.7098,0.0021,0.0004,0.0006,0.0000,0.0621,0.2245,0.0005,1,1,18.4,22.5,338.1
22,0.733,haar,0.2571,Anger,---,---,AMBIGUOUS,---,0.0010,0.3457,0.7598,0.1242,0.0040,0.2571,0.0503,0.0502,0.1069,0.0000,0.0378,0.0121,0.0522,-0.000103,IDLE,0,-0.1028,0.0000,0.0793,0.1246,0.0010,0.0056,0.0053,0.4993,0.3415,0.0159,0.0076,0.0007,0.0010,0.0000,0.0000,0.0077,0.0000,0.0000,0.0000,0.0000,0.0000,0.0017,0.0040,0.0003,0.0000,0.0000,0.0000,0.7598,0.0017,0.0005,0.0010,0.0000,0.0502,0.1860,0.0008,1,1,25.1,22.5,338.1
23,0.767,haar,0.2519,Anger,---,---,AMBIGUOUS,---,0.0009,0.3373,0.7598,0.1238,0.0756,0.2519,0.0500,0.0500,0.1050,0.0000,0.0391,0.0120,0.0521,-0.000099,IDLE,0,-0.0958,0.0000,0.0739,0.1159,0.0010,0.0057,0.0051,0.4992,0.3486,0.0184,0.0072,0.0007,0.0011,0.0000,0.0000,0.0081,0.0000,0.0000,0.0000,0.0000,0.0024,0.0000,0.0013,0.0120,0.0756,0.0000,0.0000,0.7598,0.0015,0.0005,0.0009,0.0000,0.0410,0.1959,0.0005,1,1,20.6,64.6,343.1
24,0.800,haar,0.2519,Anger,---,---,AMBIGUOUS,---,0.0009,0.3373,0.7598,0.1239,0.0226,0.2519,0.0501,0.0500,0.1050,0.0000,0.0380,0.0120,0.0520,-0.000102,IDLE,0,-0.0962,0.0000,0.0729,0.1174,0.0010,0.0055,0.0048,0.4978,0.3483,0.0191,0.0077,0.0009,0.0013,0.0000,0.0000,0.0080,0.0000,0.0000,0.0000,0.0000,0.0000,0.0000,0.0000,0.0000,0.0226,0.0165,0.0032,0.7598,0.0015,0.0005,0.0009,0.0000,0.0410,0.1959,0.0005,1,1,19.3,64.6,343.1
25,0.833,haar,0.3283,Anger,---,---,AMBIGUOUS,---,0.0002,0.4637,0.8710,0.1252,0.0422,0.3283,0.0502,0.0503,0.1304,0.0000,0.0385,0.0065,0.0519,-0.000101,IDLE,0,-0.1040,0.0000,0.0802,0.1252,0.0009,0.0050,0.0047,0.4988,0.3436,0.0180,0.0091,0.0010,0.0015,0.0000,0.0000,0.0080,0.0000,0.0000,0.0000,0.0000,0.0000,0.0000,0.0000,0.0000,0.0000,0.0422,0.0404,0.8710,0.0029,0.0004,0.0002,0.0000,0.0474,0.0776,0.0004,1,1,19.7,64.6,343.1
26,0.867,haar,0.3368,Anger,---,---,AMBIGUOUS,---,0.0003,0.4744,0.8682,0.1305,0.0336,0.3368,0.0524,0.0524,0.1342,0.0000,0.0400,0.0069,0.0519,-0.000081,IDLE,0,-0.1136,0.0000,0.0917,0.1326,0.0007,0.0048,0.0040,0.5173,0.3571,0.0157,0.0103,0.0012,0.0017,0.0000,0.0000,0.0089,0.0000,0.0000,0.0000,0.0000,0.0000,0.0000,0.0000,0.0268,0.0000,0.0336,0.1570,0.8682,0.0030,0.0004,0.0003,0.0000,0.0456,0.0820,0.0005,1,1,20.1,64.6,343.1
27,0.900,haar,0.3380,Anger,---,---,AMBIGUOUS,---,0.0003,0.4744,0.8682,0.1335,0.0159,0.3380,0.0536,0.0536,0.1351,0.0000,0.0405,0.0071,0.0520,-0.000056,IDLE,0,-0.1177,0.0000,0.0944,0.1384,0.0006,0.0053,0.0041,0.5309,0.3627,0.0151,0.0099,0.0011,0.0015,0.0000,0.0000,0.0092,0.0000,0.0000,0.0000,0.0000,0.0159,0.0037,0.0000,0.0097,0.0000,0.0000,0.0898,0.8682,0.0030,0.0004,0.0003,0.0000,0.0456,0.0820,0.0005,1,1,19.6,64.6,343.1
28,0.933,haar,0.3385,Anger,---,---,AMBIGUOUS,---,0.0003,0.4763,0.8818,0.1319,0.0126,0.3385,0.0529,0.0529,0.1350,0.0000,0.0399,0.0063,0.0520,-0.000038,IDLE,0,-0.1156,0.0000,0.0919,0.1373,0.0005,0.0052,0.0045,0.5265,0.3582,0.0144,0.0099,0.0008,0.0012,0.0000,0.0000,0.0087,0.0000,0.0000,0.0000,0.0000,0.0000,0.0126,0.0000,0.0000,0.0000,0.0003,0.0000,0.8818,0.0040,0.0005,0.0003,0.0000,0.0493,0.0637,0.0004,1,1,22.2,64.6,343.1
29,0.967,haar,0.3006,Anger,---,---,AMBIGUOUS,---,0.0004,0.4117,0.8483,0.1340,0.0117,0.3006,0.0538,0.0539,0.1227,0.0000,0.0406,0.0082,0.0521,-0.000024,IDLE,0,-0.1203,0.0000,0.0906,0.1481,0.0006,0.0056,0.0040,0.5414,0.3556,0.0137,0.0094,0.0008,0.0011,0.0000,0.0000,0.0091,0.0000,0.0000,0.0000,0.0000,0.0115,0.0000,0.0006,0.0117,0.0000,0.0000,0.0648,0.8483,0.0054,0.0008,0.0004,0.0000,0.0713,0.0730,0.0007,1,1,19.2,64.6,343.1
30,1.000,haar,0.3005,Anger,---,---,AMBIGUOUS,---,0.0004,0.4117,0.8483,0.1338,0.0215,0.3005,0.0537,0.0538,0.1227,0.0000,0.0408,0.0082,0.0522,-0.000011,IDLE,0,-0.1197,0.0000,0.0910,0.1461,0.0006,0.0057,0.0040,0.5463,0.3468,0.0142,0.0101,0.0010,0.0013,0.0000,0.0000,0.0090,0.0000,0.0000,0.0000,0.0000,0.0024,0.0021,0.0000,0.0000,0.0158,0.0215,0.0000,0.8483,0.0054,0.0008,0.0004,0.0000,0.0713,0.0730,0.0007,1,1,18.2,64.6,343.1
31,1.033,haar,0.2720,Anger,---,---,AMBIGUOUS,---,0.0009,0.3621,0.8038,0.1369,0.0117,0.2720,0.0553,0.0553,0.1139,0.0000,0.0417,0.0108,0.0523,0.000008,IDLE,0,-0.1194,0.0000,0.0773,0.1596,0.0006,0.0058,0.0036,0.5317,0.3961,0.0127,0.0105,0.0009,0.0011,0.0000,0.0000,0.0081,0.0000,0.0000,0.0000,0.0000,0.0034,0.0000,0.0018,0.0000,0.0000,0.0117,0.0945,0.8038,0.0044,0.0004,0.0009,0.0000,0.0977,0.0919,0.0009,1,1,18.6,64.6,343.1
32,1.067,haar,0.2728,Anger,---,---,AMBIGUOUS,---,0.0009,0.3621,0.8038,0.1387,0.0299,0.2728,0.0560,0.0560,0.1145,0.0000,0.0426,0.0110,0.0524,0.000030,IDLE,0,-0.1291,0.0000,0.0747,0.1815,0.0005,0.0058,0.0035,0.5373,0.3839,0.0137,0.0099,0.0010,0.0012,0.0000,0.0000,0.0083,0.0000,0.0000,0.0000,0.0000,0.0010,0.0000,0.0000,0.0051,0.0299,0.0000,0.0536,0.8038,0.0044,0.0004,0.0009,0.0000,0.0977,0.0919,0.0009,1,1,22.1,64.6,343.1
33,1.100,haar,0.2375,Anger,---,---,AMBIGUOUS,---,0.0008,0.3030,0.7697,0.1393,0.0916,0.2375,0.0562,0.0563,0.1028,0.0000,0.0441,0.0129,0.0525,0.000050,IDLE,0,-0.1243,0.0000,0.0706,0.1749,0.0006,0.0054,0.0034,0.5238,0.4093,0.0137,0.0129,0.0013,0.0018,0.0000,0.0000,0.0073,0.0000,0.0000,0.0000,0.0000,0.0000,0.0000,0.0018,0.0000,0.0007,0.0916,0.0177,0.7697,0.0055,0.0007,0.0008,0.0001,0.1071,0.1149,0.0012,1,1,18.9,64.6,343.1
34,1.133,haar,0.2501,Anger,---,---,AMBIGUOUS,---,0.0008,0.3219,0.7890,0.1425,0.0703,0.2501,0.0575,0.0575,0.1075,0.0000,0.0446,0.0121,0.0526,0.000072,IDLE,0,-0.1143,0.0000,0.0701,0.1561,0.0007,0.0049,0.0032,0.5282,0.4649,0.0097,0.0138,0.0011,0.0014,0.0000,0.0000,0.0097,0.0000,0.0000,0.0000,0.0000,0.0000,0.0000,0.0041,0.0703,0.0000,0.0258,0.0946,0.7890,0.0059,0.0011,0.0008,0.0001,0.1156,0.0866,0.0008,1,1,18.5,64.6,343.1
35,1.167,haar,0.2885,Anger,---,---,AMBIGUOUS,---,0.0013,0.3864,0.8277,0.1417,0.0137,0.2885,0.0575,0.0575,0.1205,0.0000,0.0435,0.0099,0.0528,0.000084,IDLE,0,-0.1154,0.0000,0.0646,0.1646,0.0010,0.0050,0.0031,0.5461,0.4508,0.0069,0.0108,0.0007,0.0009,0.0000,0.0000,0.0101,0.0000,0.0000,0.0000,0.0000,0.0045,0.0000,0.0065,0.0137,0.0000,0.0000,0.0000,0.8277,0.0041,0.0012,0.0013,0.0000,0.0819,0.0826,0.0012,1,1,20.1,64.6,343.1
36,1.200,haar,0.2895,Anger,---,---,AMBIGUOUS,---,0.0013,0.3864,0.8277,0.1441,0.0344,0.2895,0.0584,0.0584,0.1212,0.0000,0.0446,0.0101,0.0529,0.000093,IDLE,0,-0.1290,0.0000,0.0672,0.1888,0.0009,0.0048,0.0028,0.5521,0.4379,0.0080,0.0094,0.0009,0.0011,0.0000,0.0000,0.0097,0.0000,0.0000,0.0000,0.0000,0.0000,0.0000,0.0000,0.0000,0.0344,0.0000,0.0701,0.8277,0.0041,0.0012,0.0013,0.0000,0.0819,0.0826,0.0012,1,1,20.7,64.6,343.1
37,1.233,haar,0.3184,Anger,---,---,AMBIGUOUS,---,0.0007,0.4334,0.8714,0.1459,0.0473,0.3184,0.0588,0.0588,0.1308,0.0000,0.0451,0.0076,0.0531,0.000106,IDLE,0,-0.1312,0.0000,0.0723,0.1877,0.0007,0.0047,0.0026,0.5547,0.4411,0.0096,0.0104,0.0011,0.0013,0.0000,0.0000,0.0102,0.0000,0.0000,0.0000,0.0000,0.0000,0.0000,0.0000,0.0146,0.0473,0.0293,0.0536,0.8714,0.0035,0.0010,0.0007,0.0000,0.0567,0.0660,0.0006,1,1,19.6,64.6,343.1
38,1.267,haar,0.2732,Anger,---,---,AMBIGUOUS,---,0.0012,0.3587,0.8170,0.1450,0.0553,0.2732,0.0588,0.0587,0.1159,0.0000,0.0452,0.0107,0.0532,0.000114,IDLE,0,-0.1330,0.0000,0.0811,0.1826,0.0007,0.0047,0.0028,0.5503,0.4287,0.0114,0.0102,0.0011,0.0013,0.0000,0.0000,0.0103,0.0000,0.0000,0.0000,0.0000,0.0000,0.0061,0.0000,0.0050,0.0553,0.0000,0.0000,0.8170,0.0045,0.0006,0.0012,0.0000,0.0864,0.0891,0.0010,1,1,19.3,64.6,343.1
39,1.300,haar,0.2728,Anger,---,---,AMBIGUOUS,---,0.0012,0.3587,0.8170,0.1439,0.0123,0.2728,0.0583,0.0583,0.1155,0.0000,0.0440,0.0107,0.0534,0.000121,IDLE,0,-0.1362,0.0000,0.0827,0.1872,0.0007,0.0047,0.0030,0.5439,0.4155,0.0118,0.0105,0.0012,0.0014,0.0000,0.0000,0.0098,0.0000,0.0000,0.0000,0.0000,0.0006,0.0053,0.0002,0.0000,0.0123,0.0089,0.0000,0.8170,0.0045,0.0006,0.0012,0.0000,0.0864,0.0891,0.0010,1,1,17.9,64.6,343.1
40,1.333,haar,0.2649,Anger,---,---,AMBIGUOUS,---,0.0009,0.3456,0.8223,0.1439,0.0086,0.2649,0.0581,0.0581,0.1127,0.0000,0.0438,0.0103,0.0535,0.000123,IDLE,0,-0.1336,0.0000,0.0952,0.1703,0.0007,0.0045,0.0029,0.5551,0.4124,0.0107,0.0107,0.0008,0.0009,0.0000,0.0000,0.0100,0.0000,0.0000,0.0000,0.0000,0.0000,0.0000,0.0000,0.0086,0.0000,0.0059,0.0000,0.8223,0.0029,0.0005,0.0009,0.0000,0.0885,0.0839,0.0011,1,1,18.5,64.6,343.1
41,1.367,haar,0.2367,Anger,CONC,---,AMBIGUOUS,---,0.0006,0.3697,0.8302,0.0370,0.0069,0.2367,0.0152,0.0152,0.0854,0.0000,0.0116,0.0026,0.0526,0.000018,IDLE,0,-0.1639,0.0000,0.1069,0.2193,0.0005,0.0043,0.0027,0.5680,0.4118,0.0098,0.0099,0.0007,0.0008,0.0000,0.0000,0.0103,0.0000,0.0000,0.0000,0.0000,0.0000,0.0000,0.0000,0.0069,0.0000,0.0000,0.0000,0.8302,0.0053,0.0008,0.0006,0.0001,0.0905,0.0718,0.0007,1,1,17.8,64.6,343.1
42,1.400,haar,0.2370,Anger,CONC,---,AMBIGUOUS,---,0.0006,0.3697,0.8302,0.0380,0.0045,0.2370,0.0155,0.0156,0.0856,0.0000,0.0118,0.0026,0.0517,-0.000082,IDLE,0,-0.1821,0.0000,0.1137,0.2489,0.0005,0.0042,0.0027,0.5735,0.4062,0.0099,0.0101,0.0007,0.0008,0.0000,0.0000,0.0104,0.0000,0.0000,0.0000,0.0000,0.0000,0.0000,0.0000,0.0040,0.0015,0.0045,0.0274,0.8302,0.0053,0.0008,0.0006,0.0001,0.0905,0.0718,0.0007,1,1,23.2,64.6,343.1
43,1.433,haar,0.3019,Anger,CONC,---,AMBIGUOUS,---,0.0005,0.4791,0.8950,0.0359,0.0124,0.3019,0.0147,0.0147,0.1069,0.0000,0.0113,0.0015,0.0508,-0.000183,IDLE,0,-0.1742,0.0000,0.1197,0.2272,0.0005,0.0045,0.0031,0.5400,0.3567,0.0101,0.0099,0.0007,0.0007,0.0000,0.0000,0.0096,0.0000,0.0000,0.0000,0.0000,0.0084,0.0124,0.0007,0.0000,0.0080,0.0000,0.0000,0.8950,0.0059,0.0009,0.0005,0.0000,0.0643,0.0328,0.0006,1,1,19.2,64.6,343.1
44,1.467,haar,0.3020,Anger,CONC,---,AMBIGUOUS,---,0.0005,0.4791,0.8950,0.0362,0.0151,0.3020,0.0148,0.0148,0.1070,0.0000,0.0114,0.0016,0.0500,-0.000278,IDLE,0,-0.1852,0.0000,0.1230,0.2461,0.0005,0.0050,0.0035,0.5277,0.3474,0.0094,0.0104,0.0007,0.0007,0.0000,0.0000,0.0098,0.0000,0.0000,0.0000,0.0000,0.0132,0.0115,0.0000,0.0071,0.0000,0.0151,0.0077,0.8950,0.0059,0.0009,0.0005,0.0000,0.0643,0.0328,0.0006,1,1,19.3,64.6,343.1
45,1.500,haar,0.2775,Anger,CONC,---,AMBIGUOUS,---,0.0005,0.4389,0.8692,0.0354,0.0659,0.2775,0.0145,0.0145,0.0987,0.0000,0.0122,0.0019,0.0492,-0.000373,IDLE,0,-0.1699,0.0000,0.1232,0.2155,0.0005,0.0045,0.0034,0.5147,0.3391,0.0116,0.0104,0.0006,0.0006,0.0000,0.0000,0.0094,0.0000,0.0000,0.0000,0.0000,0.0000,0.0000,0.0011,0.0000,0.0659,0.0002,0.0000,0.8692,0.0072,0.0007,0.0005,0.0001,0.0834,0.0381,0.0007,1,1,18.8,64.6,343.1
46,1.533,haar,0.2499,Anger,CONC,---,AMBIGUOUS,---,0.0005,0.3927,0.8421,0.0357,0.0429,0.2499,0.0146,0.0147,0.0895,0.0000,0.0118,0.0023,0.0485,-0.000464,IDLE,0,-0.1746,0.0000,0.1314,0.2165,0.0005,0.0044,0.0037,0.5050,0.3375,0.0130,0.0104,0.0006,0.0006,0.0000,0.0000,0.0088,0.0000,0.0000,0.0000,0.0000,0.0000,0.0068,0.0000,0.0000,0.0429,0.0000,0.0097,0.8421,0.0088,0.0007,0.0005,0.0001,0.1016,0.0454,0.0008,1,1,18.0,64.6,343.1
47,1.567,haar,0.2200,Anger,CONC,---,AMBIGUOUS,---,0.0010,0.3423,0.7934,0.0365,0.0246,0.2200,0.0152,0.0152,0.0799,0.0000,0.0119,0.0031,0.0478,-0.000549,IDLE,0,-0.1827,0.0000,0.1417,0.2227,0.0005,0.0049,0.0037,0.5153,0.3282,0.0138,0.0101,0.0005,0.0006,0.0000,0.0000,0.0091,0.0000,0.0000,0.0000,0.0000,0.0135,0.0022,0.0000,0.0104,0.0246,0.0000,0.0218,0.7934,0.0091,0.0007,0.0010,0.0001,0.1312,0.0633,0.0012,1,1,17.1,64.6,343.1
48,1.600,haar,0.2201,Anger,CONC,---,AMBIGUOUS,---,0.0010,0.3423,0.7934,0.0369,0.0119,0.2201,0.0153,0.0154,0.0800,0.0000,0.0118,0.0032,0.0471,-0.000629,IDLE,0,-0.1948,0.0000,0.1482,0.2404,0.0004,0.0053,0.0040,0.5220,0.3233,0.0125,0.0098,0.0005,0.0005,0.0000,0.0000,0.0093,0.0000,0.0000,0.0000,0.0000,0.0119,0.0063,0.0000,0.0053,0.0000,0.0000,0.0118,0.7934,0.0091,0.0007,0.0010,0.0001,0.1312,0.0633,0.0012,1,1,18.3,64.6,343.1
49,1.633,haar,0.1984,Anger,CONC,---,AMBIGUOUS,---,0.0007,0.3056,0.7728,0.0376,0.0235,0.1984,0.0155,0.0156,0.0728,0.0000,0.0121,0.0035,0.0464,-0.000706,IDLE,0,-0.2048,0.0000,0.1535,0.2549,0.0004,0.0054,0.0040,0.5261,0.3249,0.0120,0.0106,0.0006,0.0006,0.0000,0.0000,0.0091,0.0000,0.0000,0.0000,0.0000,0.0049,0.0026,0.0000,0.0000,0.0000,0.0235,0.0216,0.7728,0.0099,0.0008,0.0007,0.0001,0.1579,0.0566,0.0012,1,1,22.4,64.6,343.1
50,1.667,haar,0.2246,Anger,CONC,---,AMBIGUOUS,---,0.0005,0.3490,0.8049,0.0381,0.0216,0.2246,0.0156,0.0156,0.0815,0.0000,0.0121,0.0030,0.0458,-0.000674,IDLE,0,-0.2130,0.0000,0.1596,0.2651,0.0004,0.0056,0.0040,0.5241,0.3337,0.0111,0.0113,0.0007,0.0007,0.0000,0.0000,0.0089,0.0000,0.0000,0.0000,0.0000,0.0037,0.0000,0.0000,0.0000,0.0000,0.0216,0.0153,0.8049,0.0112,0.0007,0.0005,0.0001,0.1384,0.0433,0.0010,1,1,18.9,64.6,343.1
51,1.700,haar,0.2248,Anger,CONC,---,AMBIGUOUS,---,0.0005,0.3490,0.8049,0.0385,0.0307,0.2248,0.0157,0.0158,0.0816,0.0000,0.0124,0.0031,0.0450,-0.000664,IDLE,0,-0.2171,0.0000,0.1622,0.2705,0.0004,0.0056,0.0039,0.5284,0.3334,0.0105,0.0123,0.0007,0.0008,0.0000,0.0000,0.0087,0.0000,0.0000,0.0000,0.0000,0.0005,0.0000,0.0000,0.0000,0.0000,0.0307,0.0107,0.8049,0.0112,0.0007,0.0005,0.0001,0.1384,0.0433,0.0010,1,1,22.3,64.6,343.1
52,1.733,haar,0.2015,Anger,CONC,---,AMBIGUOUS,---,0.0007,0.3102,0.7655,0.0385,0.0600,0.2015,0.0158,0.0159,0.0739,0.0000,0.0131,0.0037,0.0443,-0.000655,IDLE,0,-0.2075,0.0000,0.1559,0.2572,0.0004,0.0054,0.0039,0.5244,0.3356,0.0111,0.0143,0.0009,0.0010,0.0000,0.0000,0.0082,0.0000,0.0000,0.0000,0.0000,0.0000,0.0000,0.0003,0.0000,0.0175,0.0600,0.0024,0.7655,0.0087,0.0005,0.0007,0.0001,0.1624,0.0609,0.0012,1,1,17.9,64.6,343.1
53,1.767,haar,0.2015,Anger,CONC,---,AMBIGUOUS,---,0.0007,0.3102,0.7655,0.0384,0.0270,0.2015,0.0158,0.0159,0.0739,0.0000,0.0124,0.0037,0.0435,-0.000652,IDLE,0,-0.2004,0.0000,0.1511,0.2477,0.0004,0.0054,0.0039,0.5231,0.3382,0.0110,0.0152,0.0009,0.0011,0.0000,0.0000,0.0080,0.0000,0.0000,0.0000,0.0000,0.0000,0.0001,0.0003,0.0000,0.0000,0.0270,0.0000,0.7655,0.0087,0.0005,0.0007,0.0001,0.1624,0.0609,0.0012,1,1,17.2,64.6,343.1
54,1.800,haar,0.2316,Anger,CONC,---,AMBIGUOUS,---,0.0003,0.3596,0.8143,0.0397,0.0622,0.2316,0.0161,0.0161,0.0840,0.0000,0.0133,0.0030,0.0427,-0.000653,IDLE,0,-0.2158,0.0000,0.1511,0.2786,0.0004,0.0053,0.0039,0.5203,0.3364,0.0115,0.0173,0.0009,0.0011,0.0000,0.0000,0.0083,0.0000,0.0000,0.0000,0.0000,0.0000,0.0000,0.0000,0.0071,0.0150,0.0622,0.0398,0.8143,0.0065,0.0004,0.0003,0.0001,0.1131,0.0647,0.0006,1,1,20.0,64.6,343.1
55,1.833,haar,0.2002,Anger,CONC,---,AMBIGUOUS,---,0.0005,0.3068,0.7667,0.0402,0.0192,0.2002,0.0164,0.0165,0.0737,0.0000,0.0127,0.0038,0.0419,-0.000655,IDLE,0,-0.2175,0.0000,0.1469,0.2863,0.0004,0.0052,0.0039,0.5220,0.3419,0.0118,0.0179,0.0009,0.0011,0.0000,0.0000,0.0084,0.0000,0.0000,0.0000,0.0000,0.0000,0.0001,0.0000,0.0049,0.0098,0.0192,0.0147,0.7667,0.0087,0.0004,0.0005,0.0001,0.1551,0.0674,0.0011,1,1,19.6,83.3,343.2
56,1.867,haar,0.2003,Anger,CONC,---,AMBIGUOUS,---,0.0005,0.3068,0.7667,0.0405,0.0077,0.2003,0.0165,0.0166,0.0738,0.0000,0.0126,0.0039,0.0411,-0.000661,IDLE,0,-0.2193,0.0000,0.1443,0.2926,0.0004,0.0052,0.0039,0.5237,0.3468,0.0121,0.0181,0.0008,0.0010,0.0000,0.0000,0.0084,0.0000,0.0000,0.0000,0.0000,0.0000,0.0000,0.0000,0.0006,0.0077,0.0035,0.0092,0.7667,0.0087,0.0004,0.0005,0.0001,0.1551,0.0674,0.0011,1,1,20.4,83.3,343.2
57,1.900,haar,0.2386,Anger,CONC,---,AMBIGUOUS,---,0.0005,0.3710,0.8308,0.0400,0.0109,0.2386,0.0163,0.0164,0.0865,0.0000,0.0125,0.0028,0.0404,-0.000666,IDLE,0,-0.2153,0.0000,0.1467,0.2821,0.0004,0.0055,0.0042,0.5267,0.3263,0.0117,0.0179,0.0008,0.0010,0.0000,0.0000,0.0086,0.0000,0.0000,0.0000,0.0000,0.0109,0.0103,0.0009,0.0049,0.0000,0.0000,0.0000,0.8308,0.0094,0.0008,0.0005,0.0001,0.1161,0.0412,0.0011,1,1,18.8,83.3,343.2
58,1.933,haar,0.2100,Anger,CONC,---,AMBIGUOUS,---,0.0007,0.3235,0.7852,0.0398,0.0104,0.2100,0.0164,0.0165,0.0770,0.0000,0.0125,0.0035,0.0397,-0.000675,IDLE,0,-0.2177,0.0000,0.1599,0.2737,0.0005,0.0055,0.0046,0.5314,0.3198,0.0118,0.0163,0.0008,0.0010,0.0000,0.0000,0.0089,0.0000,0.0000,0.0000,0.0000,0.0000,0.0104,0.0008,0.0076,0.0018,0.0000,0.0000,0.7852,0.0087,0.0004,0.0007,0.0001,0.1486,0.0550,0.0013,1,1,17.7,83.3,343.2
59,1.967,haar,0.2457,Anger,CONC,---,AMBIGUOUS,---,0.0005,0.3833,0.8267,0.0393,0.0012,0.2457,0.0160,0.0161,0.0887,0.0000,0.0121,0.0028,0.0390,-0.000685,IDLE,0,-0.2180,0.0000,0.1655,0.2686,0.0005,0.0055,0.0046,0.5369,0.3221,0.0108,0.0147,0.0009,0.0012,0.0000,0.0000,0.0089,0.0000,0.0000,0.0000,0.0000,0.0000,0.0000,0.0012,0.0006,0.0000,0.0000,0.0000,0.8267,0.0099,0.0008,0.0005,0.0001,0.1147,0.0465,0.0008,1,1,21.6,83.3,343.2
60,2.000,haar,0.2457,Anger,CONC,---,AMBIGUOUS,---,0.0005,0.3833,0.8267,0.0392,0.0024,0.2457,0.0160,0.0160,0.0887,0.0000,0.0121,0.0028,0.0382,-0.000681,IDLE,0,-0.2196,0.0000,0.1730,0.2640,0.0005,0.0055,0.0046,0.5395,0.3221,0.0104,0.0140,0.0009,0.0012,0.0000,0.0000,0.0089,0.0000,0.0000,0.0000,0.0000,0.0000,0.0024,0.0006,0.0000,0.0000,0.0000,0.0000,0.8267,0.0099,0.0008,0.0005,0.0001,0.1147,0.0465,0.0008,1,1,23.8,83.3,343.2
61,2.033,haar,0.1917,Anger,CONC,---,AMBIGUOUS,---,0.0009,0.2933,0.7500,0.0394,0.0316,0.1917,0.0163,0.0164,0.0709,0.0000,0.0129,0.0041,0.0375,-0.000673,IDLE,0,-0.2274,0.0000,0.1754,0.2773,0.0005,0.0056,0.0050,0.5169,0.3230,0.0114,0.0136,0.0009,0.0012,0.0000,0.0000,0.0088,0.0000,0.0000,0.0000,0.0000,0.0035,0.0121,0.0000,0.0000,0.0316,0.0000,0.0069,0.7500,0.0081,0.0006,0.0009,0.0001,0.1721,0.0667,0.0015,1,1,18.2,83.3,343.2
62,2.067,haar,0.1918,Anger,CONC,---,AMBIGUOUS,---,0.0009,0.2933,0.7500,0.0395,0.0014,0.1918,0.0163,0.0164,0.0709,0.0000,0.0123,0.0041,0.0369,-0.000660,IDLE,0,-0.2314,0.0000,0.1755,0.2852,0.0005,0.0054,0.0050,0.5153,0.3299,0.0111,0.0132,0.0009,0.0012,0.0000,0.0000,0.0089,0.0000,0.0000,0.0000,0.0000,0.0000,0.0000,0.0000,0.0014,0.0000,0.0000,0.0020,0.7500,0.0081,0.0006,0.0009,0.0001,0.1721,0.0667,0.0015,1,1,21.4,83.3,343.2
63,2.100,haar,0.2154,Anger,CONC,---,AMBIGUOUS,---,0.0006,0.3328,0.7835,0.0394,0.0046,0.2154,0.0161,0.0162,0.0787,0.0000,0.0122,0.0035,0.0362,-0.000648,IDLE,0,-0.2256,0.0000,0.1635,0.2855,0.0005,0.0051,0.0044,0.5195,0.3561,0.0109,0.0128,0.0009,0.0012,0.0000,0.0000,0.0090,0.0000,0.0000,0.0000,0.0000,0.0000,0.0000,0.0003,0.0046,0.0000,0.0000,0.0000,0.7835,0.0105,0.0007,0.0006,0.0001,0.1436,0.0598,0.0012,1,1,20.0,83.3,343.2
64,2.133,haar,0.1601,Anger,CONC,---,AMBIGUOUS,---,0.0007,0.2411,0.7010,0.0386,0.0176,0.1601,0.0159,0.0160,0.0602,0.0000,0.0123,0.0047,0.0355,-0.000641,IDLE,0,-0.1979,0.0000,0.1232,0.2706,0.0005,0.0056,0.0040,0.5376,0.3787,0.0107,0.0115,0.0009,0.0012,0.0000,0.0000,0.0095,0.0000,0.0000,0.0000,0.0000,0.0176,0.0000,0.0003,0.0153,0.0000,0.0000,0.0000,0.7010,0.0058,0.0004,0.0007,0.0001,0.1491,0.1414,0.0014,1,1,20.8,83.3,343.2
65,2.167,haar,0.1600,Anger,CONC,---,AMBIGUOUS,---,0.0007,0.2411,0.7010,0.0384,0.0156,0.1600,0.0158,0.0159,0.0601,0.0000,0.0122,0.0047,0.0348,-0.000637,IDLE,0,-0.1842,0.0000,0.1099,0.2565,0.0005,0.0058,0.0038,0.5468,0.3928,0.0112,0.0108,0.0009,0.0011,0.0000,0.0000,0.0096,0.0000,0.0000,0.0000,0.0000,0.0048,0.0000,0.0002,0.0011,0.0156,0.0000,0.0000,0.7010,0.0058,0.0004,0.0007,0.0001,0.1491,0.1414,0.0014,1,1,20.3,83.3,343.2
66,2.200,haar,0.1189,Anger,CONC,---,AMBIGUOUS,---,0.0013,0.1735,0.6010,0.0371,0.0155,0.1189,0.0156,0.0158,0.0465,0.0000,0.0121,0.0062,0.0341,-0.000637,IDLE,0,-0.1567,0.0000,0.0960,0.2154,0.0006,0.0056,0.0038,0.5476,0.3941,0.0117,0.0107,0.0009,0.0012,0.0000,0.0000,0.0091,0.0000,0.0000,0.0000,0.0000,0.0000,0.0000,0.0016,0.0000,0.0155,0.0000,0.0000,0.6010,0.0045,0.0005,0.0013,0.0001,0.1828,0.2078,0.0022,1,1,17.7,83.3,343.2
67,2.233,haar,0.1680,Anger,CONC,---,AMBIGUOUS,---,0.0013,0.2553,0.7086,0.0372,0.0474,0.1680,0.0157,0.0157,0.0629,0.0000,0.0128,0.0046,0.0334,-0.000632,IDLE,0,-0.1510,0.0000,0.0903,0.2092,0.0006,0.0054,0.0036,0.5448,0.4006,0.0133,0.0107,0.0012,0.0014,0.0000,0.0000,0.0091,0.0000,0.0000,0.0000,0.0000,0.0000,0.0000,0.0007,0.0000,0.0474,0.0000,0.0029,0.7086,0.0059,0.0007,0.0013,0.0001,0.1393,0.1424,0.0017,1,1,22.4,83.3,343.2
68,2.267,haar,0.1680,Anger,CONC,---,AMBIGUOUS,---,0.0013,0.2553,0.7086,0.0371,0.0182,0.1680,0.0156,0.0157,0.0629,0.0000,0.0122,0.0046,0.0327,-0.000627,IDLE,0,-0.1482,0.0000,0.0873,0.2062,0.0006,0.0053,0.0035,0.5428,0.4039,0.0139,0.0105,0.0013,0.0016,0.0000,0.0000,0.0091,0.0000,0.0000,0.0000,0.0000,0.0000,0.0000,0.0007,0.0010,0.0182,0.0000,0.0000,0.7086,0.0059,0.0007,0.0013,0.0001,0.1393,0.1424,0.0017,1,1,20.2,83.3,343.2
69,2.300,haar,0.1582,Anger,CONC,---,AMBIGUOUS,---,0.0014,0.2388,0.7112,0.0373,0.0147,0.1582,0.0157,0.0158,0.0596,0.0000,0.0122,0.0045,0.0320,-0.000622,IDLE,0,-0.1489,0.0000,0.0901,0.2046,0.0006,0.0052,0.0036,0.5401,0.4044,0.0144,0.0106,0.0014,0.0016,0.0000,0.0000,0.0091,0.0000,0.0000,0.0000,0.0000,0.0000,0.0007,0.0004,0.0003,0.0147,0.0044,0.0041,0.7112,0.0031,0.0006,0.0014,0.0000,0.1091,0.1729,0.0017,1,1,18.9,83.3,343.2
70,2.333,haar,0.1288,Anger,CONC,---,AMBIGUOUS,---,0.0026,0.1898,0.6332,0.0374,0.0058,0.1288,0.0165,0.0166,0.0505,0.0000,0.0126,0.0061,0.0313,-0.000620,IDLE,0,-0.1504,0.0000,0.0899,0.2079,0.0006,0.0053,0.0036,0.5367,0.4053,0.0146,0.0106,0.0014,0.0016,0.0000,0.0000,0.0093,0.0000,0.0000,0.0000,0.0000,0.0044,0.0010,0.0007,0.0051,0.0058,0.0000,0.0041,0.6332,0.0037,0.0009,0.0026,0.0001,0.1428,0.2138,0.0030,1,1,20.7,83.3,343.2
71,2.367,haar,0.1778,Anger,CONC,---,AMBIGUOUS,---,0.0020,0.2716,0.7130,0.0369,0.0268,0.1778,0.0160,0.0159,0.0664,0.0000,0.0126,0.0046,0.0306,-0.000624,IDLE,0,-0.1437,0.0000,0.0809,0.2037,0.0007,0.0053,0.0037,0.5295,0.3977,0.0155,0.0101,0.0013,0.0015,0.0000,0.0000,0.0094,0.0000,0.0000,0.0000,0.0000,0.0000,0.0018,0.0019,0.0027,0.0268,0.0000,0.0000,0.7130,0.0042,0.0009,0.0020,0.0001,0.1030,0.1750,0.0018,1,1,18.2,83.3,343.2
72,2.400,haar,0.1776,Anger,CONC,---,AMBIGUOUS,---,0.0020,0.2716,0.7130,0.0366,0.0065,0.1776,0.0159,0.0158,0.0663,0.0000,0.0121,0.0046,0.0299,-0.000626,IDLE,0,-0.1423,0.0000,0.0791,0.2029,0.0008,0.0053,0.0037,0.5255,0.3931,0.0157,0.0095,0.0012,0.0014,0.0000,0.0000,0.0093,0.0000,0.0000,0.0000,0.0000,0.0001,0.0017,0.0016,0.0000,0.0065,0.0000,0.0000,0.7130,0.0042,0.0009,0.0020,0.0001,0.1030,0.1750,0.0018,1,1,19.1,83.3,343.2
73,2.433,haar,0.1333,Anger,CONC,---,AMBIGUOUS,---,0.0026,0.1977,0.6479,0.0366,0.0094,0.1333,0.0162,0.0162,0.0518,0.0000,0.0125,0.0057,0.0293,-0.000623,IDLE,0,-0.1415,0.0000,0.0776,0.2029,0.0008,0.0055,0.0038,0.5273,0.3863,0.0160,0.0093,0.0012,0.0014,0.0000,0.0000,0.0095,0.0000,0.0000,0.0000,0.0000,0.0048,0.0038,0.0009,0.0034,0.0094,0.0000,0.0000,0.6479,0.0060,0.0011,0.0026,0.0001,0.1612,0.1787,0.0024,1,1,18.7,83.3,343.2
74,2.467,haar,0.1750,Anger,---,---,AMBIGUOUS,---,0.0026,0.1977,0.6479,0.1410,0.0065,0.1750,0.0580,0.0579,0.0831,0.0000,0.0437,0.0204,0.0294,-0.000534,IDLE,0,-0.1406,0.0000,0.0788,0.1998,0.0008,0.0055,0.0039,0.5251,0.3841,0.0162,0.0093,0.0012,0.0014,0.0000,0.0000,0.0095,0.0000,0.0000,0.0000,0.0000,0.0013,0.0023,0.0005,0.0004,0.0065,0.0000,3.1317,0.6479,0.0060,0.0011,0.0026,0.0001,0.1612,0.1787,0.0024,1,1,18.7,83.3,343.2
75,2.500,haar,0.1050,Anger,CONC,---,AMBIGUOUS,---,0.0030,0.1506,0.6077,0.0364,0.0038,0.1050,0.0163,0.0163,0.0425,0.0000,0.0125,0.0064,0.0288,-0.000530,IDLE,0,-0.1405,0.0000,0.0765,0.2019,0.0008,0.0056,0.0040,0.5230,0.3819,0.0159,0.0094,0.0012,0.0014,0.0000,0.0000,0.0094,0.0000,0.0000,0.0000,0.0000,0.0026,0.0026,0.0005,0.0000,0.0000,0.0038,0.0000,0.6077,0.0057,0.0010,0.0030,0.0001,0.1739,0.2061,0.0026,1,1,19.0,83.3,343.2
76,2.533,haar,0.1215,Anger,CONC,---,AMBIGUOUS,---,0.0013,0.1784,0.6422,0.0361,0.0010,0.1215,0.0152,0.0152,0.0471,0.0000,0.0115,0.0054,0.0280,-0.000537,IDLE,0,-0.1394,0.0000,0.0743,0.2021,0.0009,0.0056,0.0040,0.5201,0.3788,0.0154,0.0092,0.0011,0.0013,0.0000,0.0000,0.0093,0.0000,0.0000,0.0000,0.0000,0.0006,0.0003,0.0010,0.0000,0.0000,0.0000,0.0000,0.6422,0.0054,0.0009,0.0013,0.0001,0.1494,0.1994,0.0014,1,1,20.3,83.3,343.2
77,2.567,haar,0.1214,Anger,CONC,---,AMBIGUOUS,---,0.0013,0.1784,0.6422,0.0358,0.0006,0.1214,0.0151,0.0151,0.0471,0.0000,0.0114,0.0054,0.0272,-0.000546,IDLE,0,-0.1395,0.0000,0.0738,0.2028,0.0009,0.0056,0.0040,0.5192,0.3768,0.0148,0.0092,0.0011,0.0013,0.0000,0.0000,0.0093,0.0000,0.0000,0.0000,0.0000,0.0000,0.0006,0.0000,0.0000,0.0000,0.0000,0.0000,0.6422,0.0054,0.0009,0.0013,0.0001,0.1494,0.1994,0.0014,1,1,20.4,83.3,343.2
78,2.600,haar,0.1422,Anger,CONC,---,AMBIGUOUS,---,0.0010,0.2131,0.6858,0.0360,0.0121,0.1422,0.0150,0.0151,0.0539,0.0000,0.0115,0.0047,0.0265,-0.000554,IDLE,0,-0.1415,0.0000,0.0772,0.2036,0.0008,0.0054,0.0039,0.5188,0.3760,0.0152,0.0094,0.0010,0.0012,0.0000,0.0000,0.0092,0.0000,0.0000,0.0000,0.0000,0.0000,0.0000,0.0000,0.0000,0.0121,0.0051,0.0040,0.6858,0.0073,0.0006,0.0010,0.0001,0.1625,0.1410,0.0017,1,1,17.6,83.3,343.2
79,2.633,haar,0.1698,Anger,CONC,---,AMBIGUOUS,---,0.0013,0.2591,0.7356,0.0359,0.0020,0.1698,0.0151,0.0152,0.0632,0.0000,0.0115,0.0040,0.0257,-0.000563,IDLE,0,-0.1404,0.0000,0.0770,0.2015,0.0008,0.0054,0.0039,0.5182,0.3768,0.0150,0.0094,0.0010,0.0012,0.0000,0.0000,0.0092,0.0000,0.0000,0.0000,0.0000,0.0000,0.0004,0.0001,0.0004,0.0000,0.0020,0.0000,0.7356,0.0075,0.0008,0.0013,0.0001,0.1420,0.1112,0.0015,1,1,20.5,83.3,343.2
80,2.667,haar,0.1698,Anger,CONC,---,AMBIGUOUS,---,0.0013,0.2591,0.7356,0.0358,0.0006,0.1698,0.0151,0.0152,0.0632,0.0000,0.0114,0.0040,0.0249,-0.000570,IDLE,0,-0.1399,0.0000,0.0772,0.2005,0.0008,0.0054,0.0039,0.5190,0.3764,0.0149,0.0094,0.0009,0.0012,0.0000,0.0000,0.0092,0.0000,0.0000,0.0000,0.0000,0.0000,0.0000,0.0000,0.0006,0.0000,0.0000,0.0000,0.7356,0.0075,0.0008,0.0013,0.0001,0.1420,0.1112,0.0015,1,1,20.7,83.3,343.2
81,2.700,haar,0.2029,Anger,---,---,AMBIGUOUS,---,0.0013,0.2463,0.7115,0.1377,0.0040,0.2029,0.0559,0.0559,0.0912,0.0000,0.0420,0.0161,0.0249,-0.000500,IDLE,0,-0.1344,0.0000,0.0715,0.1952,0.0009,0.0054,0.0039,0.5213,0.3760,0.0142,0.0095,0.0009,0.0012,0.0000,0.0000,0.0093,0.0000,0.0000,0.0000,0.0000,0.0004,0.0000,0.0007,0.0019,0.0000,0.0040,3.0566,0.7115,0.0085,0.0012,0.0013,0.0001,0.1442,0.1317,0.0015,1,1,25.1,83.3,343.2
82,2.733,haar,0.1695,Anger,---,---,AMBIGUOUS,---,0.0015,0.1910,0.6664,0.1373,0.0202,0.1695,0.0558,0.0558,0.0801,0.0000,0.0423,0.0186,0.0249,-0.000433,IDLE,0,-0.1336,0.0000,0.0703,0.1947,0.0009,0.0053,0.0038,0.5208,0.3744,0.0138,0.0102,0.0010,0.0013,0.0000,0.0000,0.0087,0.0000,0.0000,0.0000,0.0000,0.0000,0.0000,0.0003,0.0000,0.0000,0.0202,0.0000,0.6664,0.0053,0.0006,0.0015,0.0001,0.1858,0.1389,0.0014,1,1,19.3,83.3,343.2
83,2.767,haar,0.1692,Anger,---,---,AMBIGUOUS,---,0.0015,0.1910,0.6664,0.1365,0.0051,0.1692,0.0555,0.0555,0.0799,0.0000,0.0418,0.0185,0.0249,-0.000451,IDLE,0,-0.1304,0.0000,0.0680,0.1902,0.0009,0.0053,0.0038,0.5224,0.3732,0.0138,0.0104,0.0011,0.0015,0.0000,0.0000,0.0083,0.0000,0.0000,0.0000,0.0000,0.0000,0.0000,0.0010,0.0000,0.0000,0.0051,0.0000,0.6664,0.0053,0.0006,0.0015,0.0001,0.1858,0.1389,0.0014,1,1,21.8,83.3,343.2
84,2.800,haar,0.1660,Anger,---,---,AMBIGUOUS,---,0.0020,0.1855,0.6530,0.1368,0.0062,0.1660,0.0559,0.0559,0.0791,0.0000,0.0422,0.0194,0.0249,-0.000386,IDLE,0,-0.1327,0.0000,0.0677,0.1953,0.0010,0.0052,0.0036,0.5213,0.3747,0.0131,0.0103,0.0010,0.0014,0.0000,0.0000,0.0085,0.0000,0.0000,0.0000,0.0000,0.0000,0.0000,0.0017,0.0062,0.0000,0.0000,0.0101,0.6530,0.0053,0.0009,0.0020,0.0001,0.1754,0.1615,0.0019,1,1,19.5,83.3,343.2
85,2.833,haar,0.2154,Anger,---,---,AMBIGUOUS,---,0.0015,0.2687,0.7412,0.1355,0.0229,0.2154,0.0551,0.0551,0.0952,0.0000,0.0419,0.0143,0.0248,-0.000316,IDLE,0,-0.1200,0.0000,0.0610,0.1766,0.0010,0.0050,0.0033,0.5284,0.3872,0.0116,0.0110,0.0010,0.0014,0.0000,0.0000,0.0087,0.0000,0.0000,0.0000,0.0000,0.0000,0.0000,0.0024,0.0052,0.0000,0.0229,0.0000,0.7412,0.0044,0.0014,0.0015,0.0001,0.1273,0.1223,0.0017,1,1,19.0,83.3,343.2
86,2.867,haar,0.2157,Anger,---,---,AMBIGUOUS,---,0.0015,0.2687,0.7412,0.1361,0.0033,0.2157,0.0554,0.0554,0.0953,0.0000,0.0417,0.0143,0.0248,-0.000245,IDLE,0,-0.1209,0.0000,0.0616,0.1778,0.0010,0.0048,0.0032,0.5285,0.3926,0.0112,0.0111,0.0010,0.0014,0.0000,0.0000,0.0087,0.0000,0.0000,0.0000,0.0000,0.0000,0.0000,0.0000,0.0004,0.0000,0.0033,0.0192,0.7412,0.0044,0.0014,0.0015,0.0001,0.1273,0.1223,0.0017,1,1,19.7,83.3,343.2
87,2.900,haar,0.2118,Anger,---,---,AMBIGUOUS,---,0.0012,0.2593,0.7067,0.1406,0.0448,0.2118,0.0570,0.0570,0.0946,0.0000,0.0437,0.0167,0.0248,-0.000173,IDLE,0,-0.1316,0.0000,0.0675,0.1935,0.0009,0.0044,0.0030,0.5409,0.3963,0.0108,0.0126,0.0010,0.0013,0.0000,0.0000,0.0089,0.0000,0.0000,0.0000,0.0000,0.0000,0.0000,0.0000,0.0057,0.0000,0.0448,0.1338,0.7067,0.0055,0.0009,0.0012,0.0001,0.1462,0.1382,0.0012,1,1,19.7,81.7,343.3
88,2.933,haar,0.1771,Anger,CONC,---,AMBIGUOUS,---,0.0011,0.2712,0.7415,0.0360,0.0101,0.1771,0.0151,0.0151,0.0656,0.0000,0.0116,0.0039,0.0239,-0.000183,IDLE,0,-0.1431,0.0000,0.0638,0.2202,0.0008,0.0043,0.0027,0.5429,0.4006,0.0111,0.0121,0.0009,0.0013,0.0000,0.0000,0.0085,0.0000,0.0000,0.0000,0.0000,0.0000,0.0000,0.0000,0.0000,0.0101,0.0000,0.0000,0.7415,0.0054,0.0010,0.0011,0.0001,0.1406,0.1091,0.0012,1,1,20.2,81.7,343.3
89,2.967,haar,0.1772,Anger,CONC,---,AMBIGUOUS,---,0.0011,0.2712,0.7415,0.0364,0.0155,0.1772,0.0152,0.0153,0.0657,0.0000,0.0118,0.0039,0.0230,-0.000192,IDLE,0,-0.1548,0.0000,0.0698,0.2378,0.0007,0.0042,0.0026,0.5409,0.4021,0.0116,0.0110,0.0009,0.0012,0.0000,0.0000,0.0087,0.0000,0.0000,0.0000,0.0000,0.0000,0.0000,0.0000,0.0063,0.0155,0.0000,0.0105,0.7415,0.0054,0.0010,0.0011,0.0001,0.1406,0.1091,0.0012,1,1,20.0,81.7,343.3
90,3.000,haar,0.1664,Anger,CONC,---,AMBIGUOUS,---,0.0010,0.2533,0.7303,0.0360,0.0371,0.1664,0.0150,0.0151,0.0619,0.0000,0.0120,0.0040,0.0222,-0.000279,IDLE,0,-0.1488,0.0000,0.0708,0.2255,0.0008,0.0043,0.0028,0.5533,0.4047,0.0100,0.0102,0.0006,0.0008,0.0000,0.0000,0.0100,0.0000,0.0000,0.0000,0.0000,0.0041,0.0049,0.0015,0.0371,0.0000,0.0000,0.0000,0.7303,0.0061,0.0008,0.0010,0.0001,0.1647,0.0958,0.0013,1,1,17.9,81.7,343.3
91,3.033,haar,0.1650,Anger,CONC,---,AMBIGUOUS,---,0.0008,0.2510,0.7178,0.0361,0.0413,0.1650,0.0149,0.0150,0.0614,0.0000,0.0121,0.0042,0.0222,-0.000279,IDLE,0,-0.1460,0.0000,0.0673,0.2237,0.0008,0.0043,0.0026,0.5554,0.4122,0.0090,0.0116,0.0004,0.0006,0.0000,0.0000,0.0100,0.0000,0.0000,0.0000,0.0000,0.0014,0.0000,0.0002,0.0000,0.0000,0.0413,0.0038,0.7178,0.0043,0.0005,0.0008,0.0001,0.1800,0.0954,0.0012,1,1,20.1,81.7,343.3
92,3.067,haar,0.1652,Anger,CONC,---,AMBIGUOUS,---,0.0008,0.2510,0.7178,0.0365,0.0204,0.1652,0.0151,0.0151,0.0615,0.0000,0.0118,0.0043,0.0221,-0.000278,IDLE,0,-0.1524,0.0000,0.0704,0.2335,0.0008,0.0043,0.0025,0.5538,0.4053,0.0094,0.0123,0.0004,0.0005,0.0000,0.0000,0.0095,0.0000,0.0000,0.0000,0.0000,0.0000,0.0000,0.0000,0.0000,0.0137,0.0204,0.0097,0.7178,0.0043,0.0005,0.0008,0.0001,0.1800,0.0954,0.0012,1,1,20.8,81.7,343.3
93,3.100,haar,0.1725,Anger,CONC,---,AMBIGUOUS,---,0.0007,0.2635,0.6962,0.0360,0.0138,0.1725,0.0148,0.0149,0.0639,0.0000,0.0114,0.0045,0.0221,-0.000274,IDLE,0,-0.1480,0.0000,0.0757,0.2197,0.0008,0.0045,0.0027,0.5614,0.3974,0.0089,0.0113,0.0003,0.0004,0.0000,0.0000,0.0100,0.0000,0.0000,0.0000,0.0000,0.0072,0.0060,0.0008,0.0138,0.0000,0.0000,0.0000,0.6962,0.0091,0.0007,0.0007,0.0001,0.2185,0.0733,0.0012,1,1,20.1,81.7,343.3
94,3.133,haar,0.1726,Anger,CONC,---,AMBIGUOUS,---,0.0007,0.2635,0.6962,0.0361,0.0172,0.1726,0.0149,0.0150,0.0639,0.0000,0.0116,0.0045,0.0222,-0.000269,IDLE,0,-0.1504,0.0000,0.0819,0.2181,0.0008,0.0045,0.0027,0.5641,0.3893,0.0094,0.0114,0.0003,0.0004,0.0000,0.0000,0.0097,0.0000,0.0000,0.0000,0.0000,0.0000,0.0000,0.0000,0.0000,0.0172,0.0019,0.0040,0.6962,0.0091,0.0007,0.0007,0.0001,0.2185,0.0733,0.0012,1,1,19.3,81.7,343.3
95,3.167,haar,0.1776,Anger,CONC,---,AMBIGUOUS,---,0.0005,0.2718,0.7162,0.0363,0.0094,0.1776,0.0148,0.0149,0.0655,0.0000,0.0114,0.0042,0.0222,-0.000263,IDLE,0,-0.1528,0.0000,0.0777,0.2273,0.0008,0.0047,0.0027,0.5683,0.3928,0.0093,0.0107,0.0003,0.0004,0.0000,0.0000,0.0101,0.0000,0.0000,0.0000,0.0000,0.0047,0.0028,0.0000,0.0094,0.0000,0.0000,0.0053,0.7162,0.0113,0.0005,0.0005,0.0001,0.2001,0.0705,0.0007,1,1,21.0,81.7,343.3
96,3.200,haar,0.2116,Anger,CONC,---,AMBIGUOUS,---,0.0006,0.3280,0.7613,0.0370,0.0266,0.2116,0.0152,0.0153,0.0770,0.0000,0.0119,0.0036,0.0222,-0.000258,IDLE,0,-0.1598,0.0000,0.0829,0.2359,0.0007,0.0048,0.0027,0.5789,0.3808,0.0102,0.0112,0.0003,0.0004,0.0000,0.0000,0.0103,0.0000,0.0000,0.0000,0.0000,0.0030,0.0000,0.0000,0.0062,0.0266,0.0143,0.0210,0.7613,0.0085,0.0006,0.0006,0.0001,0.1674,0.0605,0.0010,1,1,19.7,81.7,343.3
97,3.233,haar,0.2234,Anger,CONC,---,AMBIGUOUS,---,0.0006,0.3472,0.7969,0.0378,0.0091,0.2234,0.0155,0.0155,0.0811,0.0000,0.0118,0.0031,0.0222,-0.000170,IDLE,0,-0.1759,0.0000,0.1012,0.2499,0.0007,0.0050,0.0026,0.5875,0.3730,0.0105,0.0110,0.0003,0.0004,0.0000,0.0000,0.0097,0.0000,0.0000,0.0000,0.0000,0.0080,0.0000,0.0000,0.0000,0.0091,0.0000,0.0246,0.7969,0.0097,0.0005,0.0006,0.0001,0.1388,0.0527,0.0007,1,1,20.4,81.7,343.3
98,3.267,haar,0.2236,Anger,CONC,---,AMBIGUOUS,---,0.0006,0.3472,0.7969,0.0383,0.0108,0.2236,0.0157,0.0157,0.0812,0.0000,0.0120,0.0032,0.0222,-0.000084,IDLE,0,-0.1852,0.0000,0.1122,0.2576,0.0007,0.0052,0.0026,0.5898,0.3679,0.0108,0.0109,0.0003,0.0004,0.0000,0.0000,0.0094,0.0000,0.0000,0.0000,0.0000,0.0056,0.0000,0.0000,0.0000,0.0108,0.0000,0.0140,0.7969,0.0097,0.0005,0.0006,0.0001,0.1388,0.0527,0.0007,1,1,19.5,81.7,343.3
99,3.300,haar,0.2259,Anger,CONC,---,AMBIGUOUS,---,0.0005,0.3513,0.7748,0.0379,0.0187,0.2259,0.0154,0.0155,0.0819,0.0000,0.0120,0.0035,0.0222,0.000002,IDLE,0,-0.1771,0.0000,0.1045,0.2491,0.0007,0.0052,0.0026,0.5925,0.3772,0.0102,0.0102,0.0002,0.0003,0.0000,0.0000,0.0101,0.0000,0.0000,0.0000,0.0000,0.0010,0.0000,0.0004,0.0187,0.0000,0.0000,0.0000,0.7748,0.0142,0.0007,0.0005,0.0001,0.1484,0.0608,0.0006,1,1,18.9,81.7,343.3
100,3.333,haar,0.0715,Sadness,CONC,---,AMBIGUOUS,---,0.0063,0.0941,0.4914,0.0375,0.0162,0.0715,0.0188,0.0180,0.0332,0.0000,0.0147,0.0109,0.0222,0.000007,IDLE,0,-0.1661,0.0000,0.0737,0.2581,0.0007,0.0021,0.0010,0.6578,0.3932,0.0108,0.0087,0.0002,0.0003,0.0000,0.0000,0.0096,0.0000,0.0000,0.0000,0.0000,0.0000,0.0000,0.0000,0.0000,0.0162,0.0000,0.0000,0.4212,0.0015,0.0012,0.0063,0.0001,0.0761,0.4914,0.0023,1,1,18.9,81.7,343.3
101,3.367,haar,0.0718,Sadness,CONC,---,AMBIGUOUS,---,0.0063,0.0941,0.4914,0.0383,0.0149,0.0718,0.0191,0.0183,0.0335,0.0000,0.0149,0.0110,0.0223,0.000013,IDLE,0,-0.1625,0.0000,0.0691,0.2552,0.0006,0.0017,0.0006,0.6645,0.4322,0.0109,0.0092,0.0002,0.0004,0.0000,0.0000,0.0099,0.0000,0.0000,0.0000,0.0000,0.0000,0.0000,0.0000,0.0084,0.0041,0.0149,0.0236,0.4212,0.0015,0.0012,0.0063,0.0001,0.0761,0.4914,0.0023,1,1,24.6,81.7,343.3
102,3.400,haar,0.0000,Sadness,CONC,---,AMBIGUOUS,---,0.0049,-0.0624,0.6951,0.0431,0.1466,0.0000,0.0202,0.0195,0.0029,0.0000,0.0183,0.0154,0.0223,0.000020,IDLE,0,-0.1559,0.0000,0.0474,0.2637,0.0008,0.0006,0.0002,0.7230,0.5432,0.0158,0.0120,0.0004,0.0005,0.0000,0.0000,0.0088,0.0000,0.0000,0.0000,0.0000,0.0000,0.0000,0.0048,0.0000,0.1466,0.0829,0.1432,0.2349,0.0006,0.0013,0.0049,0.0001,0.0618,0.6951,0.0013,1,1,22.5,81.7,343.3
103,3.433,haar,0.0000,Sadness,CONC,---,AMBIGUOUS,---,0.0049,-0.0624,0.6951,0.0437,0.0211,0.0000,0.0204,0.0197,0.0031,0.0000,0.0160,0.0156,0.0224,0.000027,IDLE,0,-0.1404,0.0000,0.0506,0.2294,0.0010,0.0005,0.0002,0.7238,0.6086,0.0151,0.0127,0.0003,0.0004,0.0000,0.0000,0.0087,0.0000,0.0000,0.0000,0.0000,0.0000,0.0000,0.0065,0.0000,0.0000,0.0211,0.0189,0.2349,0.0006,0.0013,0.0049,0.0001,0.0618,0.6951,0.0013,1,1,19.2,81.7,343.3
104,3.467,haar,0.0000,Sadness,CONC,---,AMBIGUOUS,---,0.0038,-0.0448,0.6809,0.0426,0.0716,0.0000,0.0193,0.0188,0.0057,0.0000,0.0161,0.0146,0.0225,0.000032,IDLE,0,-0.1481,0.0000,0.0680,0.2277,0.0009,0.0007,0.0002,0.6711,0.5894,0.0122,0.0151,0.0003,0.0004,0.0000,0.0000,0.0097,0.0000,0.0000,0.0000,0.0000,0.0069,0.0008,0.0000,0.0312,0.0000,0.0716,0.0000,0.2472,0.0009,0.0047,0.0038,0.0001,0.0611,0.6809,0.0013,1,1,20.1,81.7,343.3
105,3.500,haar,0.0025,Sadness,---,---,AMBIGUOUS,---,0.0026,-0.1006,0.7042,0.1571,0.0421,0.0025,0.0644,0.0642,0.0283,0.0000,0.0493,0.0512,0.0234,0.000126,IDLE,0,-0.1216,0.0000,0.0586,0.1841,0.0008,0.0011,0.0003,0.5666,0.5486,0.0133,0.0165,0.0002,0.0003,0.0000,0.0000,0.0091,0.0000,0.0000,0.0000,0.0000,0.0108,0.0020,0.0000,0.0000,0.0338,0.0421,3.4356,0.2047,0.0012,0.0017,0.0026,0.0001,0.0841,0.7042,0.0014,1,1,17.2,81.7,343.3
106,3.533,haar,0.0002,Sadness,---,---,AMBIGUOUS,---,0.0026,-0.1006,0.7042,0.1513,0.1576,0.0002,0.0621,0.0619,0.0266,0.0000,0.0499,0.0494,0.0243,0.000216,IDLE,0,-0.1059,0.0000,0.0689,0.1425,0.0010,0.0012,0.0003,0.5432,0.5438,0.0120,0.0217,0.0002,0.0003,0.0000,0.0000,0.0084,0.0000,0.0000,0.0000,0.0000,0.0035,0.0005,0.0057,0.0000,0.0000,0.1576,0.0000,0.2047,0.0012,0.0017,0.0026,0.0001,0.0841,0.7042,0.0014,1,1,17.8,81.7,343.3
107,3.567,haar,0.0000,Sadness,---,---,AMBIGUOUS,---,0.0022,-0.1547,0.7102,0.1425,0.0956,0.0000,0.0583,0.0582,0.0129,0.0000,0.0458,0.0492,0.0252,0.000299,IDLE,0,-0.0916,0.0000,0.0501,0.1324,0.0010,0.0015,0.0004,0.5355,0.4890,0.0152,0.0243,0.0003,0.0004,0.0000,0.0000,0.0058,0.0000,0.0000,0.0000,0.0000,0.0087,0.0042,0.0001,0.0000,0.0956,0.0771,0.0000,0.1570,0.0029,0.0014,0.0022,0.0002,0.1246,0.7102,0.0015,1,1,19.7,81.7,343.3
108,3.600,haar,0.0000,Sadness,---,---,AMBIGUOUS,---,0.0025,-0.1270,0.7165,0.1248,0.0485,0.0000,0.0514,0.0512,0.0133,0.0000,0.0397,0.0424,0.0259,0.000368,IDLE,0,-0.0687,0.0000,0.0436,0.0938,0.0027,0.0019,0.0006,0.4696,0.4506,0.0120,0.0211,0.0001,0.0001,0.0000,0.0000,0.0062,0.0000,0.0000,0.0000,0.0000,0.0122,0.0054,0.0485,0.0112,0.0000,0.0000,0.0000,0.1756,0.0021,0.0019,0.0025,0.0001,0.1001,0.7165,0.0012,1,1,18.8,81.7,343.3
109,3.633,haar,0.0000,Sadness,---,---,AMBIGUOUS,---,0.0036,-0.1904,0.7579,0.1333,0.2199,0.0000,0.0555,0.0553,0.0037,0.0000,0.0462,0.0495,0.0266,0.000442,IDLE,0,-0.1004,0.0001,0.0663,0.1339,0.0018,0.0018,0.0004,0.4794,0.4230,0.0165,0.0284,0.0003,0.0003,0.0001,0.0000,0.0043,0.0000,0.0000,0.0000,0.0000,0.0000,0.0000,0.0000,0.0000,0.1354,0.2199,0.2566,0.1076,0.0013,0.0010,0.0036,0.0001,0.1262,0.7579,0.0023,1,1,23.4,81.7,343.3
110,3.667,haar,0.0000,Sadness,---,---,AMBIGUOUS,---,0.0036,-0.1904,0.7579,0.1288,0.0662,0.0000,0.0537,0.0534,0.0024,0.0000,0.0418,0.0479,0.0274,0.000512,IDLE,0,-0.0864,0.0001,0.0507,0.1217,0.0021,0.0019,0.0005,0.4712,0.4168,0.0156,0.0306,0.0002,0.0003,0.0001,0.0000,0.0041,0.0000,0.0000,0.0000,0.0000,0.0019,0.0018,0.0095,0.0000,0.0000,0.0662,0.0000,0.1076,0.0013,0.0010,0.0036,0.0001,0.1262,0.7579,0.0023,1,1,20.5,81.7,343.3
111,3.700,haar,0.0000,Sadness,---,---,AMBIGUOUS,---,0.0029,-0.2237,0.7163,0.1328,0.0098,0.0000,0.0549,0.0547,0.0000,0.0000,0.0415,0.0490,0.0282,0.000581,IDLE,0,-0.1072,0.0000,0.0498,0.1642,0.0019,0.0017,0.0003,0.4941,0.3990,0.0136,0.0267,0.0002,0.0002,0.0000,0.0000,0.0045,0.0000,0.0000,0.0000,0.0000,0.0000,0.0000,0.0000,0.0098,0.0000,0.0000,0.1192,0.1067,0.0026,0.0008,0.0029,0.0003,0.1682,0.7163,0.0021,1,1,20.3,81.7,343.3
112,3.733,haar,0.0000,Sadness,---,---,AMBIGUOUS,---,0.0027,-0.1925,0.7468,0.1373,0.4343,0.0000,0.0566,0.0563,0.0040,0.0000,0.0512,0.0496,0.0290,0.000654,IDLE,0,-0.1151,0.0001,0.0604,0.1695,0.0016,0.0017,0.0002,0.4775,0.3926,0.0181,0.0411,0.0002,0.0002,0.0001,0.0001,0.0045,0.0000,0.0000,0.0000,0.0000,0.0000,0.0000,0.0000,0.0023,0.1348,0.4343,0.1342,0.1225,0.0022,0.0012,0.0027,0.0003,0.1228,0.7468,0.0015,1,1,18.2,81.7,343.3
113,3.767,haar,0.0000,Sadness,---,---,AMBIGUOUS,---,0.0027,-0.1925,0.7468,0.1255,0.1143,0.0000,0.0518,0.0516,0.0005,0.0000,0.0413,0.0455,0.0297,0.000719,IDLE,0,-0.0906,0.0000,0.0506,0.1305,0.0018,0.0019,0.0003,0.4242,0.3933,0.0130,0.0450,0.0001,0.0001,0.0000,0.0000,0.0046,0.0000,0.0000,0.0000,0.0000,0.0070,0.0028,0.0059,0.0019,0.0000,0.1143,0.0000,0.1225,0.0022,0.0012,0.0027,0.0003,0.1228,0.7468,0.0015,1,1,20.9,81.7,343.3
114,3.800,haar,0.0000,Sadness,---,---,AMBIGUOUS,---,0.0029,-0.0848,0.6612,0.1184,0.1494,0.0000,0.0491,0.0488,0.0200,0.0000,0.0400,0.0394,0.0303,0.000689,IDLE,0,-0.0712,0.0001,0.0504,0.0920,0.0016,0.0020,0.0004,0.4514,0.3710,0.0180,0.0295,0.0001,0.0001,0.0001,0.0000,0.0039,0.0000,0.0000,0.0000,0.0000,0.0033,0.0024,0.0000,0.0000,0.1494,0.0000,0.0000,0.1982,0.0025,0.0018,0.0029,0.0002,0.1320,0.6612,0.0012,1,1,21.0,81.7,343.3
