window_idx,t_start,t_center,t_end,algorithm,bpm,bpm_smoothed,bpm_plausible,snr,prominence,motion_pct,n_face_frames,bpm_spread,n_eligible,session_start_utc,gt_bpm
0,0.6,15.57,30.53,CHROM,69.8,69.8,1,6.53,0.09,0.048,901,0.0,0,2026-05-15T10:48:34.105337+00:00,80.3
1,5.59,20.56,35.52,CHROM,65.7,69.8,1,6.07,0.09,0.006,901,0.0,0,2026-05-15T10:48:34.105337+00:00,77.3
2,10.58,25.54,40.51,CHROM,64.9,69.8,1,5.56,0.06,0.006,901,0.0,0,2026-05-15T10:48:34.105337+00:00,79.6
3,15.57,30.53,45.5,CHROM,88.0,88.0,1,8.4,0.07,0.006,901,0.0,0,2026-05-15T10:48:34.105337+00:00,80.0
4,20.56,35.52,50.48,CHROM,88.8,88.8,1,8.18,0.07,0.006,901,0.0,0,2026-05-15T10:48:34.105337+00:00,83.0
5,25.54,40.51,55.47,CHROM,90.3,90.3,1,9.87,0.09,0.004,901,0.0,0,2026-05-15T10:48:34.105337+00:00,85.2
6,30.53,45.5,60.46,CHROM,91.4,91.4,1,13.59,0.11,0.01,901,0.0,0,2026-05-15T10:48:34.105337+00:00,89.0
7,35.52,50.48,65.45,CHROM,91.9,91.9,1,12.23,0.13,0.01,901,0.0,0,2026-05-15T10:48:34.105337+00:00,91.6
8,40.51,55.47,70.44,CHROM,92.1,91.9,1,12.95,0.16,0.02,901,0.0,0,2026-05-15T10:48:34.105337+00:00,91.0
9,45.5,60.46,75.42,CHROM,91.9,91.9,1,12.36,0.16,0.02,901,0.0,0,2026-05-15T10:48:34.105337+00:00,92.0
10,50.48,65.45,80.41,CHROM,60.0,68.4,1,13.26,0.16,0.029,901,0.0,0,2026-05-15T10:48:34.105337+00:00,92.6
11,55.47,70.44,85.4,CHROM,60.0,68.4,1,11.3,0.16,0.026,901,0.0,0,2026-05-15T10:48:34.105337+00:00,91.5
12,60.46,75.42,90.39,CHROM,68.4,68.4,1,12.13,0.15,0.019,901,0.0,0,2026-05-15T10:48:34.105337+00:00,89.0
13,65.45,80.41,95.38,CHROM,68.4,68.4,1,13.72,0.15,0.019,901,0.0,0,2026-05-15T10:48:34.105337+00:00,86.5
14,70.44,85.4,100.37,CHROM,87.2,87.2,1,10.15,0.08,0.009,901,0.0,0,2026-05-15T10:48:34.105337+00:00,84.0
15,75.42,90.39,105.36,CHROM,89.4,89.4,1,10.42,0.08,0.009,901,0.0,0,2026-05-15T10:48:34.105337+00:00,86.5
16,80.41,95.38,110.34,CHROM,89.7,89.7,1,11.77,0.08,0.012,901,0.0,0,2026-05-15T10:48:34.105337+00:00,87.5
17,85.4,100.37,115.33,CHROM,89.9,89.9,1,11.34,0.09,0.013,901,0.0,0,2026-05-15T10:48:34.105337+00:00,88.0
18,90.39,105.36,120.32,CHROM,91.6,91.6,1,11.26,0.08,0.013,901,0.0,0,2026-05-15T10:48:34.105337+00:00,91.0
19,95.38,110.34,125.31,CHROM,92.1,92.1,1,16.76,0.12,0.013,901,0.0,0,2026-05-15T10:48:34.105337+00:00,95.9
20,100.37,115.33,130.3,CHROM,95.9,95.9,1,13.26,0.1,0.02,901,0.0,0,2026-05-15T10:48:34.105337+00:00,96.0
21,105.36,120.32,135.28,CHROM,96.1,96.1,1,13.35,0.11,0.02,901,0.0,0,2026-05-15T10:48:34.105337+00:00,94.6
22,110.34,125.31,140.27,CHROM,96.4,96.1,1,15.22,0.14,0.008,901,0.0,0,2026-05-15T10:48:34.105337+00:00,94.8
23,115.33,130.3,145.26,CHROM,96.1,96.1,1,20.12,0.15,0.007,901,0.0,0,2026-05-15T10:48:34.105337+00:00,95.6
24,120.32,135.28,150.25,CHROM,95.9,95.9,1,10.36,0.09,0.029,901,0.0,0,2026-05-15T10:48:34.105337+00:00,96.0
25,125.31,140.27,155.24,CHROM,93.7,93.7,1,13.67,0.13,0.051,901,0.0,0,2026-05-15T10:48:34.105337+00:00,95.0
26,130.3,145.26,160.22,CHROM,93.7,93.7,1,15.7,0.14,0.048,901,0.0,0,2026-05-15T10:48:34.105337+00:00,94.0
27,135.28,150.25,165.21,CHROM,92.6,92.6,1,14.38,0.13,0.048,901,0.0,0,2026-05-15T10:48:34.105337+00:00,92.6
28,140.27,155.24,170.2,CHROM,92.3,92.3,1,15.74,0.15,0.048,901,0.0,0,2026-05-15T10:48:34.105337+00:00,92.0
29,145.26,160.22,175.19,CHROM,92.2,92.3,1,13.23,0.13,0.064,901,0.0,0,2026-05-15T10:48:34.105337+00:00,93.3
30,150.25,165.21,180.18,CHROM,91.9,92.3,1,12.51,0.09,0.043,901,0.0,0,2026-05-15T10:48:34.105337+00:00,98.0
31,155.24,170.2,185.17,CHROM,98.1,93.7,1,7.71,0.06,0.022,901,0.0,0,2026-05-15T10:48:34.105337+00:00,91.1
32,160.22,175.19,190.16,CHROM,94.1,93.7,1,12.56,0.08,0.019,901,0.0,0,2026-05-15T10:48:34.105337+00:00,85.3
33,165.21,180.18,195.14,CHROM,93.7,93.7,1,7.11,0.05,0.019,901,0.0,0,2026-05-15T10:48:34.105337+00:00,85.0
34,170.2,185.17,200.46,CHROM,66.1,66.1,1,8.65,0.07,0.042,901,0.0,0,2026-05-15T10:48:34.105337+00:00,83.3
35,175.19,190.16,205.45,CHROM,62.7,65.5,1,6.35,0.05,0.031,901,0.0,0,2026-05-15T10:48:34.105337+00:00,89.0
36,180.18,195.14,210.44,CHROM,62.2,64.9,1,9.15,0.08,0.033,901,0.0,0,2026-05-15T10:48:34.105337+00:00,88.0
37,185.17,200.46,215.43,CHROM,65.5,64.9,1,10.86,0.1,0.046,901,0.0,0,2026-05-15T10:48:34.105337+00:00,87.0
38,190.16,205.45,220.42,CHROM,64.9,65.0,1,9.35,0.1,0.053,901,0.0,0,2026-05-15T10:48:34.105337+00:00,87.0
39,195.14,210.44,225.4,CHROM,65.3,65.3,1,12.05,0.11,0.061,901,0.0,0,2026-05-15T10:48:34.105337+00:00,88.0
40,200.46,215.43,230.39,CHROM,65.0,65.0,1,11.22,0.1,0.069,901,0.0,0,2026-05-15T10:48:34.105337+00:00,88.0
41,205.45,220.42,235.38,CHROM,65.7,65.0,1,11.55,0.11,0.068,901,0.0,0,2026-05-15T10:48:34.105337+00:00,90.5
42,210.44,225.4,240.37,CHROM,60.0,65.0,1,10.51,0.11,0.071,901,0.0,0,2026-05-15T10:48:34.105337+00:00,90.5
43,215.43,230.39,245.36,CHROM,61.6,65.7,1,12.46,0.09,0.059,901,0.0,0,2026-05-15T10:48:34.105337+00:00,84.0
44,220.42,235.38,250.34,CHROM,69.8,69.8,1,10.82,0.09,0.054,901,0.0,0,2026-05-15T10:48:34.105337+00:00,83.5
0,0.6,15.57,30.53,POS,81.8,81.8,1,3.85,0.13,0.048,901,0.0,0,2026-05-15T10:48:34.105337+00:00,80.3
1,5.59,20.56,35.52,POS,82.0,82.0,1,6.54,0.18,0.006,901,0.0,0,2026-05-15T10:48:34.105337+00:00,77.3
2,10.58,25.54,40.51,POS,83.7,83.7,1,6.76,0.19,0.006,901,0.0,0,2026-05-15T10:48:34.105337+00:00,79.6
3,15.57,30.53,45.5,POS,88.3,88.3,1,6.06,0.18,0.006,901,0.0,0,2026-05-15T10:48:34.105337+00:00,80.0
4,20.56,35.52,50.48,POS,88.3,88.3,1,5.61,0.16,0.006,901,0.0,0,2026-05-15T10:48:34.105337+00:00,83.0
5,25.54,40.51,55.47,POS,90.0,90.0,1,7.09,0.2,0.004,901,0.0,0,2026-05-15T10:48:34.105337+00:00,85.2
6,30.53,45.5,60.46,POS,90.2,90.2,1,6.11,0.18,0.01,901,0.0,0,2026-05-15T10:48:34.105337+00:00,89.0
7,35.52,50.48,65.45,POS,92.1,92.1,1,8.58,0.23,0.01,901,0.0,0,2026-05-15T10:48:34.105337+00:00,91.6
8,40.51,55.47,70.44,POS,92.3,92.2,1,8.57,0.28,0.02,901,0.0,0,2026-05-15T10:48:34.105337+00:00,91.0
9,45.5,60.46,75.42,POS,92.2,92.2,1,5.32,0.18,0.02,901,0.0,0,2026-05-15T10:48:34.105337+00:00,92.0
10,50.48,65.45,80.41,POS,92.2,92.2,1,5.0,0.15,0.029,901,0.0,0,2026-05-15T10:48:34.105337+00:00,92.6
11,55.47,70.44,85.4,POS,90.4,90.5,1,5.3,0.17,0.026,901,0.0,0,2026-05-15T10:48:34.105337+00:00,91.5
12,60.46,75.42,90.39,POS,90.5,90.4,1,5.54,0.17,0.019,901,0.0,0,2026-05-15T10:48:34.105337+00:00,89.0
13,65.45,80.41,95.38,POS,86.1,89.8,1,7.99,0.25,0.019,901,0.0,0,2026-05-15T10:48:34.105337+00:00,86.5
14,70.44,85.4,100.37,POS,86.3,88.2,1,5.32,0.16,0.009,901,0.0,0,2026-05-15T10:48:34.105337+00:00,84.0
15,75.42,90.39,105.36,POS,89.8,88.2,1,6.96,0.2,0.009,901,0.0,0,2026-05-15T10:48:34.105337+00:00,86.5
16,80.41,95.38,110.34,POS,88.2,89.5,1,7.78,0.22,0.012,901,0.0,0,2026-05-15T10:48:34.105337+00:00,87.5
17,85.4,100.37,115.33,POS,89.5,89.8,1,5.99,0.19,0.013,901,0.0,0,2026-05-15T10:48:34.105337+00:00,88.0
18,90.39,105.36,120.32,POS,91.5,91.5,1,4.78,0.14,0.013,901,0.0,0,2026-05-15T10:48:34.105337+00:00,91.0
19,95.38,110.34,125.31,POS,92.0,92.0,1,5.9,0.18,0.013,901,0.0,0,2026-05-15T10:48:34.105337+00:00,95.9
20,100.37,115.33,130.3,POS,96.0,96.0,1,6.24,0.16,0.02,901,0.0,0,2026-05-15T10:48:34.105337+00:00,96.0
21,105.36,120.32,135.28,POS,96.1,96.0,1,7.07,0.19,0.02,901,0.0,0,2026-05-15T10:48:34.105337+00:00,94.6
22,110.34,125.31,140.27,POS,96.1,96.0,1,6.57,0.21,0.008,901,0.0,0,2026-05-15T10:48:34.105337+00:00,94.8
23,115.33,130.3,145.26,POS,95.9,95.9,1,7.1,0.23,0.007,901,0.0,0,2026-05-15T10:48:34.105337+00:00,95.6
24,120.32,135.28,150.25,POS,94.7,94.7,1,5.51,0.14,0.029,901,0.0,0,2026-05-15T10:48:34.105337+00:00,96.0
25,125.31,140.27,155.24,POS,93.8,94.0,1,5.68,0.18,0.051,901,0.0,0,2026-05-15T10:48:34.105337+00:00,95.0
26,130.3,145.26,160.22,POS,94.0,93.8,1,5.88,0.19,0.048,901,0.0,0,2026-05-15T10:48:34.105337+00:00,94.0
27,135.28,150.25,165.21,POS,92.1,92.1,1,6.96,0.21,0.048,901,0.0,0,2026-05-15T10:48:34.105337+00:00,92.6
28,140.27,155.24,170.2,POS,92.0,92.1,1,7.87,0.24,0.048,901,0.0,0,2026-05-15T10:48:34.105337+00:00,92.0
29,145.26,160.22,175.19,POS,92.1,92.0,1,7.5,0.22,0.064,901,0.0,0,2026-05-15T10:48:34.105337+00:00,93.3
30,150.25,165.21,180.18,POS,91.6,92.0,1,5.31,0.15,0.043,901,0.0,0,2026-05-15T10:48:34.105337+00:00,98.0
31,155.24,170.2,185.17,POS,84.4,91.6,1,5.08,0.13,0.022,901,0.0,0,2026-05-15T10:48:34.105337+00:00,91.1
32,160.22,175.19,190.16,POS,93.9,84.7,1,4.63,0.11,0.019,901,0.0,0,2026-05-15T10:48:34.105337+00:00,85.3
33,165.21,180.18,195.14,POS,84.0,84.4,1,5.42,0.15,0.019,901,0.0,0,2026-05-15T10:48:34.105337+00:00,85.0
34,170.2,185.17,200.46,POS,84.7,84.0,1,5.5,0.18,0.042,901,0.0,0,2026-05-15T10:48:34.105337+00:00,83.3
35,175.19,190.16,205.45,POS,82.7,84.0,1,5.1,0.18,0.031,901,0.0,0,2026-05-15T10:48:34.105337+00:00,89.0
36,180.18,195.14,210.44,POS,82.9,84.7,1,5.35,0.17,0.033,901,0.0,0,2026-05-15T10:48:34.105337+00:00,88.0
37,185.17,200.46,215.43,POS,85.9,85.8,1,5.77,0.18,0.046,901,0.0,0,2026-05-15T10:48:34.105337+00:00,87.0
38,190.16,205.45,220.42,POS,85.8,85.8,1,5.97,0.18,0.053,901,0.0,0,2026-05-15T10:48:34.105337+00:00,87.0
39,195.14,210.44,225.4,POS,85.8,85.8,1,6.1,0.18,0.061,901,0.0,0,2026-05-15T10:48:34.105337+00:00,88.0
40,200.46,215.43,230.39,POS,75.8,76.3,1,3.77,0.12,0.069,901,0.0,0,2026-05-15T10:48:34.105337+00:00,88.0
41,205.45,220.42,235.38,POS,76.0,76.3,1,5.05,0.2,0.068,901,0.0,0,2026-05-15T10:48:34.105337+00:00,90.5
42,210.44,225.4,240.37,POS,76.3,76.3,1,4.65,0.21,0.071,901,0.0,0,2026-05-15T10:48:34.105337+00:00,90.5
43,215.43,230.39,245.36,POS,77.8,77.4,1,4.89,0.2,0.059,901,0.0,0,2026-05-15T10:48:34.105337+00:00,84.0
44,220.42,235.38,250.34,POS,77.4,77.4,1,4.09,0.16,0.054,901,0.0,0,2026-05-15T10:48:34.105337+00:00,83.5
0,0.6,15.57,30.53,GREEN,70.0,70.0,1,3.87,124.86,0.048,901,0.0,0,2026-05-15T10:48:34.105337+00:00,80.3
1,5.59,20.56,35.52,GREEN,82.0,80.0,1,2.95,65.85,0.006,901,0.0,0,2026-05-15T10:48:34.105337+00:00,77.3
2,10.58,25.54,40.51,GREEN,80.0,80.2,1,4.3,61.93,0.006,901,0.0,0,2026-05-15T10:48:34.105337+00:00,79.6
3,15.57,30.53,45.5,GREEN,80.2,82.0,1,5.11,99.38,0.006,901,0.0,0,2026-05-15T10:48:34.105337+00:00,80.0
4,20.56,35.52,50.48,GREEN,87.9,87.9,1,4.4,84.27,0.006,901,0.0,0,2026-05-15T10:48:34.105337+00:00,83.0
5,25.54,40.51,55.47,GREEN,91.7,87.9,1,4.13,72.85,0.004,901,0.0,0,2026-05-15T10:48:34.105337+00:00,85.2
6,30.53,45.5,60.46,GREEN,91.8,91.7,1,5.18,92.54,0.01,901,0.0,0,2026-05-15T10:48:34.105337+00:00,89.0
7,35.52,50.48,65.45,GREEN,87.6,91.7,1,4.7,107.78,0.01,901,0.0,0,2026-05-15T10:48:34.105337+00:00,91.6
8,40.51,55.47,70.44,GREEN,92.2,87.6,1,5.68,157.08,0.02,901,0.0,0,2026-05-15T10:48:34.105337+00:00,91.0
9,45.5,60.46,75.42,GREEN,68.2,68.3,1,5.24,159.04,0.02,901,0.0,0,2026-05-15T10:48:34.105337+00:00,92.0
10,50.48,65.45,80.41,GREEN,68.2,68.3,1,5.83,167.73,0.029,901,0.0,0,2026-05-15T10:48:34.105337+00:00,92.6
11,55.47,70.44,85.4,GREEN,68.3,68.2,1,5.56,158.32,0.026,901,0.0,0,2026-05-15T10:48:34.105337+00:00,91.5
12,60.46,75.42,90.39,GREEN,68.5,68.2,1,5.65,158.95,0.019,901,0.0,0,2026-05-15T10:48:34.105337+00:00,89.0
13,65.45,80.41,95.38,GREEN,68.2,68.3,1,6.33,181.04,0.019,901,0.0,0,2026-05-15T10:48:34.105337+00:00,86.5
14,70.44,85.4,100.37,GREEN,63.7,68.5,1,5.18,87.32,0.009,901,0.0,0,2026-05-15T10:48:34.105337+00:00,84.0
15,75.42,90.39,105.36,GREEN,90.1,89.8,1,3.18,53.85,0.009,901,0.0,0,2026-05-15T10:48:34.105337+00:00,86.5
16,80.41,95.38,110.34,GREEN,89.8,89.8,1,4.51,82.94,0.012,901,0.0,0,2026-05-15T10:48:34.105337+00:00,87.5
17,85.4,100.37,115.33,GREEN,89.8,89.8,1,3.22,73.15,0.013,901,0.0,0,2026-05-15T10:48:34.105337+00:00,88.0
18,90.39,105.36,120.32,GREEN,66.3,74.4,1,3.32,69.42,0.013,901,0.0,0,2026-05-15T10:48:34.105337+00:00,91.0
19,95.38,110.34,125.31,GREEN,74.0,74.0,1,4.44,92.08,0.013,901,0.0,0,2026-05-15T10:48:34.105337+00:00,95.9
20,100.37,115.33,130.3,GREEN,74.4,70.0,1,4.61,125.49,0.02,901,0.0,0,2026-05-15T10:48:34.105337+00:00,96.0
21,105.36,120.32,135.28,GREEN,70.0,70.0,1,4.82,116.78,0.02,901,0.0,0,2026-05-15T10:48:34.105337+00:00,94.6
22,110.34,125.31,140.27,GREEN,66.0,70.0,1,5.16,147.73,0.008,901,0.0,0,2026-05-15T10:48:34.105337+00:00,94.8
23,115.33,130.3,145.26,GREEN,66.3,67.6,1,3.67,86.56,0.007,901,0.0,0,2026-05-15T10:48:34.105337+00:00,95.6
24,120.32,135.28,150.25,GREEN,75.4,67.6,1,3.74,90.21,0.029,901,0.0,0,2026-05-15T10:48:34.105337+00:00,96.0
25,125.31,140.27,155.24,GREEN,67.6,72.3,1,3.49,83.97,0.051,901,0.0,0,2026-05-15T10:48:34.105337+00:00,95.0
26,130.3,145.26,160.22,GREEN,72.3,72.3,1,4.04,74.26,0.048,901,0.0,0,2026-05-15T10:48:34.105337+00:00,94.0
27,135.28,150.25,165.21,GREEN,72.8,68.2,1,3.98,70.03,0.048,901,0.0,0,2026-05-15T10:48:34.105337+00:00,92.6
28,140.27,155.24,170.2,GREEN,68.2,72.3,1,4.64,67.47,0.048,901,0.0,0,2026-05-15T10:48:34.105337+00:00,92.0
29,145.26,160.22,175.19,GREEN,64.3,72.8,1,8.39,117.59,0.064,901,0.0,0,2026-05-15T10:48:34.105337+00:00,93.3
30,150.25,165.21,180.18,GREEN,83.8,83.8,1,6.02,81.76,0.043,901,0.0,0,2026-05-15T10:48:34.105337+00:00,98.0
31,155.24,170.2,185.17,GREEN,84.0,83.9,1,6.24,109.47,0.022,901,0.0,0,2026-05-15T10:48:34.105337+00:00,91.1
32,160.22,175.19,190.16,GREEN,83.9,83.9,1,6.04,110.39,0.019,901,0.0,0,2026-05-15T10:48:34.105337+00:00,85.3
33,165.21,180.18,195.14,GREEN,83.9,83.9,1,7.53,136.61,0.019,901,0.0,0,2026-05-15T10:48:34.105337+00:00,85.0
34,170.2,185.17,200.46,GREEN,70.1,80.1,1,9.07,204.06,0.042,901,0.0,0,2026-05-15T10:48:34.105337+00:00,83.3
35,175.19,190.16,205.45,GREEN,65.7,73.7,1,8.69,207.13,0.031,901,0.0,0,2026-05-15T10:48:34.105337+00:00,89.0
36,180.18,195.14,210.44,GREEN,80.1,73.7,1,7.96,194.64,0.033,901,0.0,0,2026-05-15T10:48:34.105337+00:00,88.0
37,185.17,200.46,215.43,GREEN,73.7,73.7,1,6.11,222.71,0.046,901,0.0,0,2026-05-15T10:48:34.105337+00:00,87.0
38,190.16,205.45,220.42,GREEN,73.9,73.9,1,6.38,230.02,0.053,901,0.0,0,2026-05-15T10:48:34.105337+00:00,87.0
39,195.14,210.44,225.4,GREEN,73.7,73.7,1,6.17,232.23,0.061,901,0.0,0,2026-05-15T10:48:34.105337+00:00,88.0
40,200.46,215.43,230.39,GREEN,88.0,73.9,1,3.71,144.34,0.069,901,0.0,0,2026-05-15T10:48:34.105337+00:00,88.0
41,205.45,220.42,235.38,GREEN,69.8,77.7,1,3.18,128.46,0.068,901,0.0,0,2026-05-15T10:48:34.105337+00:00,90.5
42,210.44,225.4,240.37,GREEN,83.6,77.8,1,3.4,114.4,0.071,901,0.0,0,2026-05-15T10:48:34.105337+00:00,90.5
43,215.43,230.39,245.36,GREEN,77.7,77.8,1,6.8,170.03,0.059,901,0.0,0,2026-05-15T10:48:34.105337+00:00,84.0
44,220.42,235.38,250.34,GREEN,77.8,77.8,1,6.74,195.27,0.054,901,0.0,0,2026-05-15T10:48:34.105337+00:00,83.5
0,0.6,15.57,30.53,ICA,83.6,83.6,1,3.73,14.84,0.048,901,0.0,0,2026-05-15T10:48:34.105337+00:00,80.3
1,5.59,20.56,35.52,ICA,82.6,83.6,1,4.63,18.79,0.006,901,0.0,0,2026-05-15T10:48:34.105337+00:00,77.3
2,10.58,25.54,40.51,ICA,83.6,83.4,1,5.39,19.11,0.006,901,0.0,0,2026-05-15T10:48:34.105337+00:00,79.6
3,15.57,30.53,45.5,ICA,83.4,83.4,1,4.95,18.81,0.006,901,0.0,0,2026-05-15T10:48:34.105337+00:00,80.0
4,20.56,35.52,50.48,ICA,83.4,83.6,1,4.23,17.78,0.006,901,0.0,0,2026-05-15T10:48:34.105337+00:00,83.0
5,25.54,40.51,55.47,ICA,85.9,85.9,1,5.8,21.38,0.004,901,0.0,0,2026-05-15T10:48:34.105337+00:00,85.2
6,30.53,45.5,60.46,ICA,86.3,85.9,1,6.05,18.48,0.01,901,0.0,0,2026-05-15T10:48:34.105337+00:00,89.0
7,35.52,50.48,65.45,ICA,92.5,85.9,1,3.6,12.48,0.01,901,0.0,0,2026-05-15T10:48:34.105337+00:00,91.6
8,40.51,55.47,70.44,ICA,76.0,81.6,1,4.2,15.61,0.02,901,0.0,0,2026-05-15T10:48:34.105337+00:00,91.0
9,45.5,60.46,75.42,ICA,76.0,81.6,1,4.46,18.37,0.02,901,0.0,0,2026-05-15T10:48:34.105337+00:00,92.0
10,50.48,65.45,80.41,ICA,81.6,81.6,1,4.39,15.44,0.029,901,0.0,0,2026-05-15T10:48:34.105337+00:00,92.6
11,55.47,70.44,85.4,ICA,82.0,82.0,1,5.93,21.67,0.026,901,0.0,0,2026-05-15T10:48:34.105337+00:00,91.5
12,60.46,75.42,90.39,ICA,96.0,86.0,1,5.43,20.99,0.019,901,0.0,0,2026-05-15T10:48:34.105337+00:00,89.0
13,65.45,80.41,95.38,ICA,86.0,86.0,1,5.46,21.72,0.019,901,0.0,0,2026-05-15T10:48:34.105337+00:00,86.5
14,70.44,85.4,100.37,ICA,86.0,86.6,1,6.09,21.37,0.009,901,0.0,0,2026-05-15T10:48:34.105337+00:00,84.0
15,75.42,90.39,105.36,ICA,86.6,86.0,1,4.48,15.63,0.009,901,0.0,0,2026-05-15T10:48:34.105337+00:00,86.5
16,80.41,95.38,110.34,ICA,88.2,86.0,1,5.16,20.29,0.012,901,0.0,0,2026-05-15T10:48:34.105337+00:00,87.5
17,85.4,100.37,115.33,ICA,67.8,68.2,1,4.6,17.95,0.013,901,0.0,0,2026-05-15T10:48:34.105337+00:00,88.0
18,90.39,105.36,120.32,ICA,68.2,68.2,1,5.81,27.38,0.013,901,0.0,0,2026-05-15T10:48:34.105337+00:00,91.0
19,95.38,110.34,125.31,ICA,67.9,68.2,1,5.69,25.65,0.013,901,0.0,0,2026-05-15T10:48:34.105337+00:00,95.9
20,100.37,115.33,130.3,ICA,68.2,68.2,1,4.79,21.48,0.02,901,0.0,0,2026-05-15T10:48:34.105337+00:00,96.0
21,105.36,120.32,135.28,ICA,68.5,68.5,1,4.23,20.1,0.02,901,0.0,0,2026-05-15T10:48:34.105337+00:00,94.6
22,110.34,125.31,140.27,ICA,78.0,78.0,1,4.19,20.07,0.008,901,0.0,0,2026-05-15T10:48:34.105337+00:00,94.8
23,115.33,130.3,145.26,ICA,78.2,78.2,1,3.79,17.04,0.007,901,0.0,0,2026-05-15T10:48:34.105337+00:00,95.6
24,120.32,135.28,150.25,ICA,100.1,92.9,1,3.6,13.67,0.029,901,0.0,0,2026-05-15T10:48:34.105337+00:00,96.0
25,125.31,140.27,155.24,ICA,93.5,92.9,1,3.82,16.01,0.051,901,0.0,0,2026-05-15T10:48:34.105337+00:00,95.0
26,130.3,145.26,160.22,ICA,92.9,92.9,1,4.16,15.8,0.048,901,0.0,0,2026-05-15T10:48:34.105337+00:00,94.0
27,135.28,150.25,165.21,ICA,92.5,92.5,1,4.87,18.56,0.048,901,0.0,0,2026-05-15T10:48:34.105337+00:00,92.6
28,140.27,155.24,170.2,ICA,92.2,92.2,1,6.18,21.71,0.048,901,0.0,0,2026-05-15T10:48:34.105337+00:00,92.0
29,145.26,160.22,175.19,ICA,92.2,92.2,1,6.22,20.4,0.064,901,0.0,0,2026-05-15T10:48:34.105337+00:00,93.3
30,150.25,165.21,180.18,ICA,91.9,91.9,1,5.25,15.98,0.043,901,0.0,0,2026-05-15T10:48:34.105337+00:00,98.0
31,155.24,170.2,185.17,ICA,83.8,83.8,1,2.96,13.06,0.022,901,0.0,0,2026-05-15T10:48:34.105337+00:00,91.1
32,160.22,175.19,190.16,ICA,66.0,72.2,1,3.63,15.82,0.019,901,0.0,0,2026-05-15T10:48:34.105337+00:00,85.3
33,165.21,180.18,195.14,ICA,65.9,69.3,1,3.74,15.37,0.019,901,0.0,0,2026-05-15T10:48:34.105337+00:00,85.0
34,170.2,185.17,200.46,ICA,72.2,69.3,1,2.99,15.62,0.042,901,0.0,0,2026-05-15T10:48:34.105337+00:00,83.3
35,175.19,190.16,205.45,ICA,69.3,70.1,1,3.6,21.5,0.031,901,0.0,0,2026-05-15T10:48:34.105337+00:00,89.0
36,180.18,195.14,210.44,ICA,80.7,70.1,1,3.66,18.74,0.033,901,0.0,0,2026-05-15T10:48:34.105337+00:00,88.0
37,185.17,200.46,215.43,ICA,70.1,70.0,1,4.9,35.24,0.046,901,0.0,0,2026-05-15T10:48:34.105337+00:00,87.0
38,190.16,205.45,220.42,ICA,70.0,70.1,1,5.26,38.39,0.053,901,0.0,0,2026-05-15T10:48:34.105337+00:00,87.0
39,195.14,210.44,225.4,ICA,70.0,70.1,1,5.44,36.93,0.061,901,0.0,0,2026-05-15T10:48:34.105337+00:00,88.0
40,200.46,215.43,230.39,ICA,76.0,75.9,1,4.94,36.97,0.069,901,0.0,0,2026-05-15T10:48:34.105337+00:00,88.0
41,205.45,220.42,235.38,ICA,75.9,75.9,1,4.33,32.36,0.068,901,0.0,0,2026-05-15T10:48:34.105337+00:00,90.5
42,210.44,225.4,240.37,ICA,75.9,76.0,1,4.15,34.21,0.071,901,0.0,0,2026-05-15T10:48:34.105337+00:00,90.5
43,215.43,230.39,245.36,ICA,77.1,77.1,1,3.31,18.61,0.059,901,0.0,0,2026-05-15T10:48:34.105337+00:00,84.0
44,220.42,235.38,250.34,ICA,77.8,77.8,1,3.65,24.53,0.054,901,0.0,0,2026-05-15T10:48:34.105337+00:00,83.5
0,0.6,15.57,30.53,WAVELET,67.8,67.8,1,2.9,213.09,0.048,901,0.0,0,2026-05-15T10:48:34.105337+00:00,80.3
1,5.59,20.56,35.52,WAVELET,98.3,89.3,1,2.98,159.74,0.006,901,0.0,0,2026-05-15T10:48:34.105337+00:00,77.3
2,10.58,25.54,40.51,WAVELET,92.2,89.3,1,2.6,116.34,0.006,901,0.0,0,2026-05-15T10:48:34.105337+00:00,79.6
3,15.57,30.53,45.5,WAVELET,89.3,89.3,1,3.23,192.35,0.006,901,0.0,0,2026-05-15T10:48:34.105337+00:00,80.0
4,20.56,35.52,50.48,WAVELET,71.5,75.7,1,4.79,262.3,0.006,901,0.0,0,2026-05-15T10:48:34.105337+00:00,83.0
5,25.54,40.51,55.47,WAVELET,69.7,71.5,1,4.47,230.39,0.004,901,0.0,0,2026-05-15T10:48:34.105337+00:00,85.2
6,30.53,45.5,60.46,WAVELET,75.7,69.7,1,4.62,252.01,0.01,901,0.0,0,2026-05-15T10:48:34.105337+00:00,89.0
7,35.52,50.48,65.45,WAVELET,63.8,63.8,1,5.43,342.94,0.01,901,0.0,0,2026-05-15T10:48:34.105337+00:00,91.6
8,40.51,55.47,70.44,WAVELET,63.7,63.8,1,4.59,393.64,0.02,901,0.0,0,2026-05-15T10:48:34.105337+00:00,91.0
9,45.5,60.46,75.42,WAVELET,63.7,63.8,1,3.97,343.38,0.02,901,0.0,0,2026-05-15T10:48:34.105337+00:00,92.0
10,50.48,65.45,80.41,WAVELET,63.9,63.8,1,4.16,383.44,0.029,901,0.0,0,2026-05-15T10:48:34.105337+00:00,92.6
11,55.47,70.44,85.4,WAVELET,63.8,63.9,1,4.24,380.43,0.026,901,0.0,0,2026-05-15T10:48:34.105337+00:00,91.5
12,60.46,75.42,90.39,WAVELET,64.5,63.9,1,4.06,387.23,0.019,901,0.0,0,2026-05-15T10:48:34.105337+00:00,89.0
13,65.45,80.41,95.38,WAVELET,135.9,64.5,1,3.72,311.1,0.019,901,0.0,0,2026-05-15T10:48:34.105337+00:00,86.5
14,70.44,85.4,100.37,WAVELET,63.8,83.9,1,4.43,291.61,0.009,901,0.0,0,2026-05-15T10:48:34.105337+00:00,84.0
15,75.42,90.39,105.36,WAVELET,108.1,83.9,1,3.45,156.73,0.009,901,0.0,0,2026-05-15T10:48:34.105337+00:00,86.5
16,80.41,95.38,110.34,WAVELET,83.9,66.2,1,2.15,103.38,0.012,901,0.0,0,2026-05-15T10:48:34.105337+00:00,87.5
17,85.4,100.37,115.33,WAVELET,66.2,66.2,1,5.05,324.74,0.013,901,0.0,0,2026-05-15T10:48:34.105337+00:00,88.0
18,90.39,105.36,120.32,WAVELET,66.2,66.2,1,4.9,321.17,0.013,901,0.0,0,2026-05-15T10:48:34.105337+00:00,91.0
19,95.38,110.34,125.31,WAVELET,65.3,66.2,1,3.59,243.58,0.013,901,0.0,0,2026-05-15T10:48:34.105337+00:00,95.9
20,100.37,115.33,130.3,WAVELET,65.7,66.2,1,3.73,283.48,0.02,901,0.0,0,2026-05-15T10:48:34.105337+00:00,96.0
21,105.36,120.32,135.28,WAVELET,70.1,70.1,1,3.45,256.0,0.02,901,0.0,0,2026-05-15T10:48:34.105337+00:00,94.6
22,110.34,125.31,140.27,WAVELET,131.8,118.3,1,2.45,129.89,0.008,901,0.0,0,2026-05-15T10:48:34.105337+00:00,94.8
23,115.33,130.3,145.26,WAVELET,118.3,118.3,1,2.67,142.35,0.007,901,0.0,0,2026-05-15T10:48:34.105337+00:00,95.6
24,120.32,135.28,150.25,WAVELET,137.6,118.3,1,2.14,98.27,0.029,901,0.0,0,2026-05-15T10:48:34.105337+00:00,96.0
25,125.31,140.27,155.24,WAVELET,68.3,118.3,1,3.18,211.77,0.051,901,0.0,0,2026-05-15T10:48:34.105337+00:00,95.0
26,130.3,145.26,160.22,WAVELET,69.2,137.4,1,2.61,124.28,0.048,901,0.0,0,2026-05-15T10:48:34.105337+00:00,94.0
27,135.28,150.25,165.21,WAVELET,138.6,69.2,1,1.62,48.93,0.048,901,0.0,0,2026-05-15T10:48:34.105337+00:00,92.6
28,140.27,155.24,170.2,WAVELET,137.4,69.2,1,1.8,56.56,0.048,901,0.0,0,2026-05-15T10:48:34.105337+00:00,92.0
29,145.26,160.22,175.19,WAVELET,64.4,64.4,1,3.71,237.69,0.064,901,0.0,0,2026-05-15T10:48:34.105337+00:00,93.3
30,150.25,165.21,180.18,WAVELET,63.9,64.4,1,2.52,116.4,0.043,901,0.0,0,2026-05-15T10:48:34.105337+00:00,98.0
31,155.24,170.2,185.17,WAVELET,63.9,64.4,1,1.99,93.05,0.022,901,0.0,0,2026-05-15T10:48:34.105337+00:00,91.1
32,160.22,175.19,190.16,WAVELET,73.8,73.8,1,2.47,110.11,0.019,901,0.0,0,2026-05-15T10:48:34.105337+00:00,85.3
33,165.21,180.18,195.14,WAVELET,98.0,98.0,1,2.89,215.57,0.019,901,0.0,0,2026-05-15T10:48:34.105337+00:00,85.0
34,170.2,185.17,200.46,WAVELET,123.8,119.2,1,5.76,690.49,0.042,901,0.0,0,2026-05-15T10:48:34.105337+00:00,83.3
35,175.19,190.16,205.45,WAVELET,119.2,119.4,1,4.1,670.2,0.031,901,0.0,0,2026-05-15T10:48:34.105337+00:00,89.0
36,180.18,195.14,210.44,WAVELET,119.4,119.9,1,3.96,623.6,0.033,901,0.0,0,2026-05-15T10:48:34.105337+00:00,88.0
37,185.17,200.46,215.43,WAVELET,119.9,119.9,1,3.93,613.21,0.046,901,0.0,0,2026-05-15T10:48:34.105337+00:00,87.0
38,190.16,205.45,220.42,WAVELET,120.1,119.9,1,4.41,681.55,0.053,901,0.0,0,2026-05-15T10:48:34.105337+00:00,87.0
39,195.14,210.44,225.4,WAVELET,127.9,119.9,1,3.24,433.0,0.061,901,0.0,0,2026-05-15T10:48:34.105337+00:00,88.0
40,200.46,215.43,230.39,WAVELET,95.3,119.3,1,2.64,253.81,0.069,901,0.0,0,2026-05-15T10:48:34.105337+00:00,88.0
41,205.45,220.42,235.38,WAVELET,119.3,119.0,1,2.75,200.92,0.068,901,0.0,0,2026-05-15T10:48:34.105337+00:00,90.5
42,210.44,225.4,240.37,WAVELET,119.0,118.1,1,3.0,239.42,0.071,901,0.0,0,2026-05-15T10:48:34.105337+00:00,90.5
43,215.43,230.39,245.36,WAVELET,118.1,118.1,1,4.08,361.93,0.059,901,0.0,0,2026-05-15T10:48:34.105337+00:00,84.0
44,220.42,235.38,250.34,WAVELET,70.2,70.2,1,2.99,281.78,0.054,901,0.0,0,2026-05-15T10:48:34.105337+00:00,83.5
0,0.6,15.57,30.53,CONSENSUS,74.2,74.2,1,4.18,0.0,0.048,901,15.8,5,2026-05-15T10:48:34.105337+00:00,80.3
1,5.59,20.56,35.52,CONSENSUS,79.8,79.8,1,4.63,0.0,0.006,901,19.5,5,2026-05-15T10:48:34.105337+00:00,77.3
2,10.58,25.54,40.51,CONSENSUS,80.5,80.5,1,4.92,0.0,0.006,901,19.5,5,2026-05-15T10:48:34.105337+00:00,79.6
3,15.57,30.53,45.5,CONSENSUS,86.3,86.3,1,5.55,0.0,0.006,901,7.3,5,2026-05-15T10:48:34.105337+00:00,80.0
4,20.56,35.52,50.48,CONSENSUS,85.4,85.4,1,5.44,0.0,0.006,901,13.1,5,2026-05-15T10:48:34.105337+00:00,83.0
5,25.54,40.51,55.47,CONSENSUS,86.4,86.4,1,6.27,0.0,0.004,901,18.8,5,2026-05-15T10:48:34.105337+00:00,85.2
6,30.53,45.5,60.46,CONSENSUS,87.5,87.5,1,7.11,0.0,0.01,901,22.0,5,2026-05-15T10:48:34.105337+00:00,89.0
7,35.52,50.48,65.45,CONSENSUS,86.9,86.9,1,6.91,0.0,0.01,901,28.3,5,2026-05-15T10:48:34.105337+00:00,91.6
8,40.51,55.47,70.44,CONSENSUS,86.5,86.5,1,7.2,0.0,0.02,901,28.4,5,2026-05-15T10:48:34.105337+00:00,91.0
9,45.5,60.46,75.42,CONSENSUS,83.0,83.0,1,6.27,0.0,0.02,901,28.4,5,2026-05-15T10:48:34.105337+00:00,92.0
10,50.48,65.45,80.41,CONSENSUS,73.2,73.2,1,6.53,0.0,0.029,901,28.4,5,2026-05-15T10:48:34.105337+00:00,92.6
11,55.47,70.44,85.4,CONSENSUS,73.9,73.9,1,6.47,0.0,0.026,901,26.6,5,2026-05-15T10:48:34.105337+00:00,91.5
12,60.46,75.42,90.39,CONSENSUS,74.4,74.4,1,6.56,0.0,0.019,901,26.5,5,2026-05-15T10:48:34.105337+00:00,89.0
13,65.45,80.41,95.38,CONSENSUS,75.2,75.2,1,7.44,0.0,0.019,901,25.3,5,2026-05-15T10:48:34.105337+00:00,86.5
14,70.44,85.4,100.37,CONSENSUS,83.7,83.7,1,6.23,0.0,0.009,901,19.7,5,2026-05-15T10:48:34.105337+00:00,84.0
15,75.42,90.39,105.36,CONSENSUS,88.0,88.0,1,5.7,0.0,0.009,901,5.9,5,2026-05-15T10:48:34.105337+00:00,86.5
16,80.41,95.38,110.34,CONSENSUS,87.4,87.4,1,6.27,0.0,0.012,901,23.6,5,2026-05-15T10:48:34.105337+00:00,87.5
17,85.4,100.37,115.33,CONSENSUS,82.6,82.6,1,6.04,0.0,0.013,901,23.7,5,2026-05-15T10:48:34.105337+00:00,88.0
18,90.39,105.36,120.32,CONSENSUS,81.0,81.0,1,6.01,0.0,0.013,901,25.4,5,2026-05-15T10:48:34.105337+00:00,91.0
19,95.38,110.34,125.31,CONSENSUS,83.6,83.6,1,7.28,0.0,0.013,901,25.9,5,2026-05-15T10:48:34.105337+00:00,95.9
20,100.37,115.33,130.3,CONSENSUS,84.8,84.8,1,6.53,0.0,0.02,901,29.8,5,2026-05-15T10:48:34.105337+00:00,96.0
21,105.36,120.32,135.28,CONSENSUS,86.0,86.0,1,6.58,0.0,0.02,901,27.6,5,2026-05-15T10:48:34.105337+00:00,94.6
22,110.34,125.31,140.27,CONSENSUS,91.4,91.4,1,6.72,0.0,0.008,901,48.3,5,2026-05-15T10:48:34.105337+00:00,94.8
23,115.33,130.3,145.26,CONSENSUS,93.0,93.0,1,7.47,0.0,0.007,901,50.7,5,2026-05-15T10:48:34.105337+00:00,95.6
24,120.32,135.28,150.25,CONSENSUS,92.9,92.9,1,5.07,0.0,0.029,901,50.7,5,2026-05-15T10:48:34.105337+00:00,96.0
25,125.31,140.27,155.24,CONSENSUS,93.8,93.8,1,5.97,0.0,0.051,901,46.0,5,2026-05-15T10:48:34.105337+00:00,95.0
26,130.3,145.26,160.22,CONSENSUS,94.5,94.5,1,6.48,0.0,0.048,901,65.1,5,2026-05-15T10:48:34.105337+00:00,94.0
27,135.28,150.25,165.21,CONSENSUS,89.3,89.3,1,7.55,0.0,0.048,901,24.4,4,2026-05-15T10:48:34.105337+00:00,92.6
28,140.27,155.24,170.2,CONSENSUS,89.5,89.5,1,8.61,0.0,0.048,901,20.0,4,2026-05-15T10:48:34.105337+00:00,92.0
29,145.26,160.22,175.19,CONSENSUS,85.4,85.4,1,7.81,0.0,0.064,901,27.9,5,2026-05-15T10:48:34.105337+00:00,93.3
30,150.25,165.21,180.18,CONSENSUS,88.3,88.3,1,6.32,0.0,0.043,901,27.9,5,2026-05-15T10:48:34.105337+00:00,98.0
31,155.24,170.2,185.17,CONSENSUS,89.1,89.1,1,5.5,0.0,0.022,901,9.9,4,2026-05-15T10:48:34.105337+00:00,91.1
32,160.22,175.19,190.16,CONSENSUS,85.9,85.9,1,5.87,0.0,0.019,901,21.5,5,2026-05-15T10:48:34.105337+00:00,85.3
33,165.21,180.18,195.14,CONSENSUS,86.1,86.1,1,5.34,0.0,0.019,901,28.7,5,2026-05-15T10:48:34.105337+00:00,85.0
34,170.2,185.17,200.46,CONSENSUS,83.0,83.0,1,6.39,0.0,0.042,901,53.1,5,2026-05-15T10:48:34.105337+00:00,83.3
35,175.19,190.16,205.45,CONSENSUS,80.0,80.0,1,5.57,0.0,0.031,901,53.9,5,2026-05-15T10:48:34.105337+00:00,89.0
36,180.18,195.14,210.44,CONSENSUS,78.6,78.6,1,6.02,0.0,0.033,901,55.0,5,2026-05-15T10:48:34.105337+00:00,88.0
37,185.17,200.46,215.43,CONSENSUS,78.1,78.1,1,6.31,0.0,0.046,901,55.0,5,2026-05-15T10:48:34.105337+00:00,87.0
38,190.16,205.45,220.42,CONSENSUS,79.3,79.3,1,6.27,0.0,0.053,901,54.9,5,2026-05-15T10:48:34.105337+00:00,87.0
39,195.14,210.44,225.4,CONSENSUS,76.8,76.8,1,6.6,0.0,0.061,901,54.6,5,2026-05-15T10:48:34.105337+00:00,88.0
40,200.46,215.43,230.39,CONSENSUS,75.4,75.4,1,5.26,0.0,0.069,901,54.3,5,2026-05-15T10:48:34.105337+00:00,88.0
41,205.45,220.42,235.38,CONSENSUS,75.9,75.9,1,5.37,0.0,0.068,901,54.0,5,2026-05-15T10:48:34.105337+00:00,90.5
42,210.44,225.4,240.37,CONSENSUS,76.7,76.7,1,5.14,0.0,0.071,901,53.1,5,2026-05-15T10:48:34.105337+00:00,90.5
43,215.43,230.39,245.36,CONSENSUS,78.1,78.1,1,6.31,0.0,0.059,901,52.4,5,2026-05-15T10:48:34.105337+00:00,84.0
44,220.42,235.38,250.34,CONSENSUS,73.9,73.9,1,5.66,0.0,0.054,901,8.0,5,2026-05-15T10:48:34.105337+00:00,83.5
