event_id,tier,cluster_start_s,cluster_end_s,duration_s,peak_t,vote_count_peak,vote_count_mean,channels_active,verdict,category,start_s,end_s,context,peak_f0,mean_f0,peak_f1,mean_f1,peak_f2,mean_f2,peak_f3,mean_f3,peak_f4,mean_f4,peak_f5,mean_f5,peak_f6,mean_f6,cluster_emotion,peak_hs_fear,peak_hs_surprise,peak_hs_arousal,peak_mp_tension,peak_mp_startle,n_fear_frames,n_surprise_frames,n_angry_frames,n_happy_frames,n_sad_frames,n_contempt_frames,n_disgust_frames,n_neutral_frames,no_face_pct,n_veto_frames,scene_cut_bounded,rppg_bpm_chrom,rppg_pre_bpm_chrom,rppg_delta_chrom,rppg_bpm_pos,rppg_pre_bpm_pos,rppg_delta_pos,rppg_bpm_green,rppg_pre_bpm_green,rppg_delta_green,rppg_impression,rppg_notes
E01,CANDIDATE,2.733,3.167,0.43,2.833,4,3.1,"DOM_FEAR,FEAR_THR,STARTLE,CROSS_MODAL",,,,,,0.1678,0.1137,0.4251,0.3105,0.3396,0.2636,0.3904,0.2823,0.1678,0.1137,0.3975,0.2704,0.4228,0.3080,Fear,0.5174,0.2368,0.1726,0.0983,2.910,12,0,0,0,0,0,0,2,0.0,0,False,,,,,,,,,,,
E02,CANDIDATE,10.933,11.533,0.60,10.967,4,3.9,"DOM_FEAR,FEAR_THR,AROUSAL,CROSS_MODAL",,,,,,0.4597,0.3671,0.5068,0.4152,0.3717,0.3205,0.5600,0.4527,0.4597,0.3671,0.4439,0.3518,0.4827,0.3890,Fear,0.5432,0.2086,0.5119,0.0967,0.260,19,0,0,0,0,0,0,0,0.0,0,False,,,,,,,,,,,
E03,CANDIDATE,19.567,20.600,1.03,19.600,4,4.0,"DOM_FEAR,FEAR_THR,AROUSAL,CROSS_MODAL",,,,,,0.3557,0.2519,0.4752,0.3687,0.3568,0.2848,0.4953,0.3773,0.3557,0.2519,0.3927,0.3053,0.4621,0.3546,Fear,0.6668,0.1932,0.5070,0.1287,0.090,30,0,0,0,0,0,0,2,0.0,0,False,,,,,,,,,,,
E04,CONFIRMED,24.033,29.033,5.00,27.967,5,3.6,"DOM_FEAR,FEAR_THR,STARTLE,AROUSAL,CROSS_MODAL",,,,,,0.5572,0.2678,0.5641,0.3196,0.4036,0.2499,0.6193,0.3363,0.5572,0.2412,0.5198,0.2686,0.5429,0.2941,Fear,0.4401,0.2232,0.3327,0.1603,4.190,87,1,5,0,0,0,0,58,0.0,0,False,,,,,,,,,,,
E05,CONFIRMED,33.700,35.733,2.03,33.700,5,3.9,"DOM_SURPRISE,FEAR_THR,STARTLE,AROUSAL,CROSS_MODAL",,,,,,0.8869,0.5852,0.5158,0.2718,0.3749,0.2376,0.6908,0.3985,0.8869,0.3210,0.4264,0.2330,0.3983,0.1767,Surprise,0.2357,0.3936,0.4727,0.1355,8.340,25,16,21,0,0,0,0,0,0.0,0,False,,,,,,,,,,,
E06,CONFIRMED,36.467,37.900,1.43,36.667,5,3.9,"DOM_FEAR,FEAR_THR,STARTLE,AROUSAL,CROSS_MODAL",,,,,,0.4021,0.2196,0.4391,0.1891,0.3485,0.1959,0.4714,0.2114,0.4021,0.1559,0.4442,0.1655,0.3905,0.1724,Fear,0.5450,0.2269,0.4740,0.1104,6.930,8,13,4,0,0,0,0,19,2.3,0,False,,,,,,,,,,,
E07,CONFIRMED,38.800,42.300,3.50,39.467,6,3.9,"DOM_FEAR,DOM_SURPRISE,FEAR_THR,STARTLE,AROUSAL,CROSS_MODAL",,,,,,0.4392,0.1949,0.5141,0.2520,0.3733,0.2263,0.4908,0.2539,0.4392,0.1779,0.4308,0.2139,0.4944,0.2292,Neutral,0.0873,0.3403,0.1190,0.1435,2.810,52,28,2,0,0,0,0,24,0.0,0,False,,,,,,,,,,,
E08,CANDIDATE,47.867,49.467,1.60,47.867,4,3.1,"DOM_FEAR,FEAR_THR,AROUSAL,CROSS_MODAL",,,,,,0.4706,0.1933,0.5610,0.3946,0.4020,0.2965,0.6051,0.3753,0.4706,0.1933,0.4644,0.3262,0.5548,0.3843,Fear,0.3543,0.2772,0.3076,0.1048,0.110,43,0,0,0,4,0,0,2,0.0,0,False,,,,,,,,,,,
E09,CANDIDATE,50.300,50.900,0.60,50.300,3,3.0,"DOM_FEAR,FEAR_THR,CROSS_MODAL",,,,,,0.0041,0.0002,0.4370,0.2283,0.3232,0.1757,0.3445,0.1335,0.0041,0.0002,0.3604,0.1919,0.4334,0.2257,Sadness,0.1959,0.0404,-0.2858,0.1278,0.000,8,0,0,0,11,0,0,0,0.0,0,False,,,,,,,,,,,
E10,CONFIRMED,51.567,52.933,1.37,52.667,6,3.7,"DOM_FEAR,DOM_SURPRISE,FEAR_THR,TENSION,STARTLE,CROSS_MODAL",,,,,,0.2792,0.0988,0.5138,0.3268,0.3822,0.2671,0.4675,0.2784,0.2792,0.0988,0.4703,0.2813,0.5094,0.3194,Surprise,0.3689,0.3880,0.2954,0.2156,2.240,27,7,0,0,3,0,0,5,0.0,0,False,,,,,,,,,,,
E11,CONFIRMED,55.000,57.867,2.87,56.633,6,3.6,"DOM_FEAR,DOM_SURPRISE,FEAR_THR,STARTLE,AROUSAL,CROSS_MODAL",,,,,,0.5553,0.2533,0.5630,0.2707,0.4137,0.2386,0.5974,0.2935,0.5553,0.2522,0.6604,0.2317,0.5546,0.2552,Surprise,0.3478,0.4058,0.4124,0.0953,1.540,42,7,0,0,0,0,0,38,0.0,0,False,,,,,,,,,,,
E12,CONFIRMED,58.933,65.733,6.80,64.867,5,3.3,"DOM_FEAR,FEAR_THR,STARTLE,AROUSAL,CROSS_MODAL",,,,,,0.7564,0.3285,0.5942,0.3997,0.4203,0.3149,0.7182,0.4274,0.7564,0.3266,0.6209,0.3368,0.5861,0.3888,Fear,0.6339,0.2431,0.4145,0.1019,2.150,179,2,0,0,0,0,0,24,0.0,0,False,,,,,,,,,,,
E13,CANDIDATE,78.767,79.967,1.20,78.767,3,2.8,"FEAR_THR,STARTLE,CROSS_MODAL",,,,,,0.2469,0.1396,0.4387,0.2602,0.3467,0.2373,0.4140,0.2417,0.2469,0.1396,0.3853,0.2205,0.4288,0.2510,Surprise,0.2853,0.3122,0.1520,0.1384,3.880,22,1,0,0,0,0,0,14,0.0,0,False,,,,,,,,,,,
E14,CANDIDATE,86.167,87.000,0.83,86.167,3,2.6,"DOM_FEAR,FEAR_THR,CROSS_MODAL",,,,,,0.5497,0.4069,0.3078,0.0986,0.2466,0.0923,0.3123,0.1899,0.2240,0.0208,0.2693,0.0927,0.2717,0.0541,Fear,0.4375,0.1317,0.2979,0.1132,0.830,2,0,19,0,0,0,4,1,0.0,0,False,,,,,,,,,,,
E15,CANDIDATE,89.333,91.933,2.60,91.033,4,3.3,"DOM_FEAR,FEAR_THR,AROUSAL,CROSS_MODAL",,,,,,0.6740,0.3748,0.5753,0.4003,0.4063,0.2964,0.6674,0.4439,0.6740,0.3330,0.4779,0.3325,0.5662,0.3589,Fear,0.4637,0.0761,0.2626,0.1038,0.030,65,0,8,0,0,0,0,6,0.0,0,False,,,,,,,,,,,
E16,CANDIDATE,92.467,93.933,1.47,92.500,4,2.9,"DOM_FEAR,FEAR_THR,AROUSAL,CROSS_MODAL",,,,,,0.2916,0.1747,0.3312,0.1677,0.2695,0.1427,0.3560,0.1820,0.2916,0.1111,0.2735,0.1375,0.2957,0.1399,Fear,0.2937,0.2153,0.3246,0.1029,0.350,12,0,0,0,0,0,0,33,0.0,0,False,,,,,,,,,,,
E17,CONFIRMED,96.000,101.000,5.00,96.967,5,3.6,"DOM_FEAR,FEAR_THR,STARTLE,AROUSAL,CROSS_MODAL",,,,,,0.7290,0.3578,0.6014,0.3618,0.4296,0.2995,0.7244,0.4053,0.7290,0.3578,0.5374,0.3071,0.5979,0.3548,Fear,0.8892,0.0935,1.0069,0.1051,2.100,105,13,0,0,0,0,0,33,0.0,0,False,,,,,,,,,,,
E18,CONFIRMED,101.667,102.367,0.70,102.300,5,2.8,"DOM_SURPRISE,FEAR_THR,STARTLE,AROUSAL,CROSS_MODAL",,,,,,0.2870,0.1579,0.2583,0.1590,0.2587,0.1526,0.2821,0.1634,0.2870,0.0922,0.2728,0.1444,0.2280,0.1312,Surprise,0.3290,0.3308,0.3368,0.1523,3.130,5,2,0,0,0,0,0,15,0.0,0,False,,,,,,,,,,,
E19,CONFIRMED,105.333,105.733,0.40,105.400,5,4.5,"DOM_SURPRISE,FEAR_THR,STARTLE,AROUSAL,CROSS_MODAL",,,,,,0.2452,0.1766,0.2603,0.1641,0.2720,0.1907,0.2702,0.1776,0.2452,0.1766,0.3130,0.1541,0.2497,0.1547,Surprise,0.3163,0.4191,0.3140,0.1421,0.230,0,7,0,0,0,0,0,6,0.0,0,False,,,,,,,,,,,
E20,CANDIDATE,112.633,114.267,1.63,113.100,4,3.2,"DOM_FEAR,FEAR_THR,AROUSAL,CROSS_MODAL",,,,,,0.3119,0.1933,0.3569,0.2133,0.3090,0.1837,0.3767,0.2236,0.3119,0.1425,0.2985,0.1796,0.3295,0.1749,Fear,0.4495,0.2242,0.3292,0.1279,0.460,18,0,4,0,0,0,0,28,0.0,0,False,,,,,,,,,,,
E21,CANDIDATE,115.733,116.500,0.77,115.767,4,3.7,"DOM_FEAR,FEAR_THR,AROUSAL,CROSS_MODAL",,,,,,0.3464,0.2238,0.3132,0.2543,0.2678,0.2217,0.3517,0.2667,0.3464,0.2136,0.2770,0.2141,0.2656,0.2142,Fear,0.3406,0.1469,0.3677,0.1124,0.020,21,0,0,0,0,0,0,3,0.0,0,False,,,,,,,,,,,
E22,CONFIRMED,117.100,118.633,1.53,118.167,5,3.1,"DOM_FEAR,DOM_SURPRISE,FEAR_THR,AROUSAL,CROSS_MODAL",,,,,,0.3072,0.1878,0.2862,0.1456,0.2737,0.1479,0.3136,0.1679,0.3072,0.0965,0.2381,0.1224,0.2810,0.1241,Fear,0.3582,0.2841,0.2570,0.0986,0.100,5,6,5,0,0,0,0,31,0.0,0,False,,,,,,,,,,,
E23,CANDIDATE,119.867,120.933,1.07,119.867,3,3.0,"DOM_FEAR,FEAR_THR,CROSS_MODAL",,,,,,0.2522,0.1385,0.3072,0.2453,0.2598,0.2238,0.2919,0.2325,0.2522,0.1385,0.2789,0.2062,0.2939,0.2350,Fear,0.3299,0.2724,0.1906,0.1062,0.020,24,0,0,0,0,0,0,9,0.0,0,False,,,,,,,,,,,
E24,CONFIRMED,125.900,127.100,1.20,125.900,5,4.4,"DOM_FEAR,FEAR_THR,STARTLE,AROUSAL,CROSS_MODAL",,,,,,0.3810,0.2013,0.5024,0.3139,0.3894,0.2830,0.5174,0.3104,0.3810,0.2013,0.5760,0.2785,0.5000,0.3110,Fear,0.6859,0.2527,0.4641,0.1103,11.830,27,5,0,0,0,0,0,5,0.0,0,False,,,,,,,,,,,
E25,CANDIDATE,131.267,131.667,0.40,131.267,3,3.0,"DOM_FEAR,FEAR_THR,CROSS_MODAL",,,,,,0.1845,0.1156,0.3198,0.2068,0.2545,0.1704,0.3081,0.1996,0.1845,0.1156,0.2639,0.1706,0.2947,0.1941,Fear,0.3897,0.1342,0.2156,0.1157,0.030,4,0,0,0,0,0,0,9,0.0,0,False,,,,,,,,,,,
E26,CANDIDATE,134.167,141.400,7.23,134.433,4,3.0,"DOM_FEAR,FEAR_THR,AROUSAL,CROSS_MODAL",,,,,,0.2482,0.1218,0.3771,0.2494,0.3133,0.2316,0.3586,0.2277,0.2482,0.1218,0.3372,0.2065,0.3731,0.2417,Fear,0.4864,0.1979,0.3018,0.1237,0.010,140,8,0,0,0,0,0,70,0.0,0,False,,,,,,,,,,,
E27,CANDIDATE,146.533,146.933,0.40,146.567,4,3.2,"DOM_FEAR,FEAR_THR,AROUSAL,CROSS_MODAL",,,,,,0.3960,0.3185,0.2733,0.1904,0.2232,0.1554,0.3221,0.2463,0.3682,0.0535,0.2485,0.1670,0.1999,0.1123,Fear,0.3657,0.1150,0.4553,0.1348,1.260,2,0,11,0,0,0,0,0,0.0,0,False,,,,,,,,,,,
E28,CONFIRMED,148.433,149.000,0.57,148.733,6,4.6,"DOM_FEAR,DOM_SURPRISE,FEAR_THR,STARTLE,AROUSAL,CROSS_MODAL",,,,,,0.3269,0.2362,0.4347,0.2903,0.3543,0.2685,0.4487,0.2989,0.3269,0.2362,0.3582,0.2517,0.4221,0.2712,Surprise,0.2664,0.2784,0.2737,0.1231,0.010,12,6,0,0,0,0,0,0,0.0,0,False,,,,,,,,,,,
E29,CONFIRMED,150.033,157.000,6.97,151.467,6,4.3,"DOM_FEAR,FEAR_THR,TENSION,STARTLE,AROUSAL,CROSS_MODAL",,,,,,0.6073,0.2355,0.5636,0.3472,0.4108,0.2997,0.5669,0.3430,0.6073,0.2347,0.6376,0.2993,0.5552,0.3358,Fear,0.6027,0.2846,0.5404,0.2079,2.030,168,21,0,0,0,0,0,21,0.0,0,False,,,,,,,,,,,
E30,CONFIRMED,157.833,162.667,4.83,158.567,5,3.4,"DOM_FEAR,FEAR_THR,STARTLE,AROUSAL,CROSS_MODAL",,,,,,0.3795,0.2281,0.4702,0.3490,0.3546,0.2793,0.4792,0.3513,0.3795,0.2281,0.5342,0.2945,0.4602,0.3367,Fear,0.3727,0.1773,0.2781,0.1064,2.060,134,1,0,0,0,0,0,11,0.0,0,False,,,,,,,,,,,
E31,CONFIRMED,164.200,167.500,3.30,166.267,6,4.0,"DOM_FEAR,DOM_SURPRISE,FEAR_THR,STARTLE,AROUSAL,CROSS_MODAL",,,,,,0.5622,0.2492,0.5709,0.3571,0.4157,0.2914,0.6405,0.3624,0.5622,0.2492,0.6315,0.3089,0.5679,0.3474,Fear,0.4626,0.3701,0.3027,0.1072,0.270,72,8,0,0,0,0,0,20,0.0,0,False,,,,,,,,,,,
E32,CANDIDATE,168.267,169.467,1.20,168.267,4,3.7,"DOM_SURPRISE,FEAR_THR,AROUSAL,CROSS_MODAL",,,,,,0.2755,0.1834,0.1976,0.1150,0.2508,0.1809,0.2317,0.1365,0.2755,0.1696,0.1943,0.1026,0.1902,0.1105,Surprise,0.1757,0.5061,0.3545,0.1451,0.130,0,27,0,0,0,0,0,10,0.0,0,False,,,,,,,,,,,
E33,CONFIRMED,171.067,174.367,3.30,171.800,6,3.9,"DOM_FEAR,DOM_SURPRISE,FEAR_THR,STARTLE,AROUSAL,CROSS_MODAL",,,,,,0.3926,0.2171,0.4918,0.3046,0.3790,0.2649,0.5019,0.3091,0.3926,0.2171,0.5580,0.2613,0.4857,0.2952,Surprise,0.3338,0.4963,0.3695,0.1136,0.010,62,7,0,0,0,0,0,31,0.0,0,False,,,,,,,,,,,
E34,CANDIDATE,175.567,185.267,9.70,178.467,4,3.2,"DOM_FEAR,FEAR_THR,AROUSAL,CROSS_MODAL",,,,,,0.7960,0.4493,0.6040,0.4152,0.4272,0.3048,0.7392,0.4794,0.7960,0.4082,0.5912,0.3467,0.5990,0.3732,Fear,0.8881,0.0830,1.0829,0.1004,0.990,242,0,46,0,0,0,2,2,0.0,21,False,,,,,,,,,,,
E35,CONFIRMED,186.733,190.367,3.63,187.433,6,4.3,"DOM_FEAR,DOM_SURPRISE,FEAR_THR,STARTLE,AROUSAL,CROSS_MODAL",,,,,,0.9115,0.4373,0.5991,0.2807,0.4625,0.2759,0.7542,0.3579,0.9115,0.4160,0.5961,0.2419,0.5974,0.2614,Surprise,0.2744,0.4536,0.3155,0.0823,0.650,41,53,3,0,0,0,0,13,0.0,0,False,,,,,,,,,,,
E36,CANDIDATE,191.100,191.433,0.33,191.100,4,3.8,"DOM_SURPRISE,FEAR_THR,AROUSAL,CROSS_MODAL",,,,,,0.2816,0.2147,0.1709,0.1456,0.2336,0.2026,0.2076,0.1726,0.2816,0.1532,0.1466,0.1213,0.1561,0.1301,Surprise,0.1543,0.3402,0.3056,0.1276,0.270,0,11,0,0,0,0,0,0,0.0,0,False,,,,,,,,,,,
E37,CANDIDATE,200.033,201.833,1.80,200.033,3,3.0,"DOM_FEAR,FEAR_THR,AROUSAL",,,,,,0.3434,0.2395,0.3744,0.2541,0.3104,0.2194,0.4127,0.2789,0.3434,0.2365,0.3095,0.2099,0.3501,0.2220,Fear,0.3052,0.1850,0.3309,0.0819,0.050,38,0,0,0,0,0,0,17,0.0,0,False,,,,,,,,,,,
E38,CONFIRMED,203.500,210.567,7.07,203.567,5,3.2,"DOM_SURPRISE,FEAR_THR,STARTLE,AROUSAL,CROSS_MODAL",,,,,,0.5013,0.2828,0.4581,0.2731,0.3584,0.2487,0.5283,0.3064,0.5013,0.2729,0.3827,0.2268,0.4382,0.2467,Surprise,0.1741,0.6051,0.3369,0.1273,2.220,168,29,4,0,0,0,0,12,0.0,0,False,,,,,,,,,,,
E39,CONFIRMED,211.733,212.567,0.83,211.733,5,4.2,"DOM_SURPRISE,FEAR_THR,STARTLE,AROUSAL,CROSS_MODAL",,,,,,0.3113,0.1781,0.1941,0.1129,0.2653,0.1527,0.2213,0.1354,0.3113,0.1367,0.3397,0.1151,0.1898,0.1053,Surprise,0.1772,0.6315,0.4053,0.1704,10.130,0,15,0,3,0,0,0,8,0.0,0,False,,,,,,,,,,,
E40,CANDIDATE,213.733,214.600,0.87,213.800,4,3.1,"DOM_SURPRISE,FEAR_THR,AROUSAL,CROSS_MODAL",,,,,,0.3681,0.2673,0.1648,0.1193,0.2566,0.2109,0.2442,0.1651,0.3681,0.1991,0.1906,0.1036,0.1578,0.1105,Surprise,0.2115,0.6704,0.5504,0.0947,2.820,0,27,0,0,0,0,0,0,0.0,0,False,,,,,,,,,,,
E41,CONFIRMED,215.400,215.733,0.33,215.433,5,4.0,"DOM_SURPRISE,FEAR_THR,STARTLE,AROUSAL,CROSS_MODAL",,,,,,0.3552,0.2344,0.1635,0.1394,0.2474,0.1903,0.2287,0.1714,0.3552,0.1992,0.2174,0.1247,0.1546,0.1289,Surprise,0.1687,0.5885,0.4883,0.1556,4.320,0,8,0,0,0,0,0,3,0.0,0,False,,,,,,,,,,,
E42,CANDIDATE,219.267,220.733,1.47,219.267,4,3.3,"DOM_FEAR,FEAR_THR,AROUSAL,CROSS_MODAL",,,,,,0.4158,0.2537,0.5677,0.4944,0.4032,0.3557,0.5957,0.4812,0.4158,0.2537,0.4705,0.4110,0.5539,0.4679,Fear,0.7236,0.0575,0.3328,0.1015,0.540,45,0,0,0,0,0,0,0,0.0,0,False,,,,,,,,,,,
E43,CANDIDATE,221.300,225.167,3.87,221.533,4,3.6,"DOM_FEAR,FEAR_THR,AROUSAL,CROSS_MODAL",,,,,,0.6952,0.3435,0.5844,0.3293,0.4190,0.2470,0.6924,0.3744,0.6952,0.2653,0.5180,0.2768,0.5811,0.2718,Fear,0.8262,0.1565,0.9458,0.1020,0.180,82,0,22,0,0,0,0,13,0.0,0,False,,,,,,,,,,,
E44,CONFIRMED,228.333,229.500,1.17,229.000,5,3.9,"DOM_SURPRISE,FEAR_THR,STARTLE,AROUSAL,CROSS_MODAL",,,,,,0.2965,0.1782,0.2278,0.1468,0.2192,0.1567,0.2568,0.1604,0.2965,0.0941,0.2463,0.1304,0.1832,0.1192,Surprise,0.2261,0.2962,0.3300,0.1462,3.280,3,8,2,0,0,0,0,23,0.0,0,False,,,,,,,,,,,
E45,CONFIRMED,230.567,234.167,3.60,231.367,6,4.2,"DOM_FEAR,DOM_SURPRISE,FEAR_THR,STARTLE,AROUSAL,CROSS_MODAL",,,,,,0.7996,0.5328,0.6325,0.3733,0.4785,0.3104,0.7511,0.4731,0.7996,0.4938,0.6905,0.3262,0.6302,0.3631,Fear,0.4428,0.3808,0.5741,0.1132,4.440,70,20,12,0,0,0,0,7,0.0,3,False,,,,,,,,,,,
E46,CANDIDATE,236.933,237.600,0.67,236.933,3,3.0,"DOM_SURPRISE,AROUSAL,CROSS_MODAL",,,,,,0.3107,0.2439,0.1378,0.0952,0.2108,0.1678,0.1858,0.1453,0.3107,0.2327,0.1143,0.0791,0.1352,0.0895,Surprise,0.1217,0.6017,0.4491,0.1031,0.050,0,13,0,0,0,0,0,8,0.0,0,False,,,,,,,,,,,
E47,CANDIDATE,241.300,242.367,1.07,241.400,4,3.4,"DOM_FEAR,FEAR_THR,AROUSAL,CROSS_MODAL",,,,,,0.6366,0.4483,0.3930,0.2079,0.2780,0.1710,0.5089,0.3088,0.6366,0.1689,0.3249,0.1774,0.2838,0.1323,Fear,0.5238,0.0120,0.9904,0.1058,0.090,11,2,20,0,0,0,0,0,0.0,10,False,,,,,,,,,,,
E48,CANDIDATE,245.800,248.200,2.40,247.267,4,3.2,"DOM_FEAR,FEAR_THR,AROUSAL,CROSS_MODAL",,,,,,0.7002,0.5003,0.5096,0.3575,0.3816,0.2855,0.6385,0.4514,0.7002,0.4752,0.4771,0.2997,0.4829,0.3062,Fear,0.6723,0.1423,0.7998,0.1034,0.960,68,0,5,0,0,0,0,0,0.0,0,False,,,,,,,,,,,
E49,CONFIRMED,248.833,254.033,5.20,250.767,6,3.8,"DOM_FEAR,DOM_SURPRISE,FEAR_THR,STARTLE,AROUSAL,CROSS_MODAL",,,,,,0.7535,0.3474,0.5519,0.3178,0.4125,0.2738,0.6471,0.3637,0.7535,0.3186,0.6195,0.2739,0.5456,0.2967,Surprise,0.3971,0.5330,0.7294,0.0879,0.960,112,20,15,0,0,0,0,10,0.0,0,False,,,,,,,,,,,
E50,CONFIRMED,258.933,259.600,0.67,259.067,5,4.6,"DOM_FEAR,FEAR_THR,TENSION,STARTLE,CROSS_MODAL",,,,,,0.2345,0.1472,0.5524,0.3751,0.4202,0.2923,0.4914,0.3360,0.2345,0.1472,0.5335,0.3547,0.5480,0.3661,Fear,0.7323,0.0715,0.2025,0.2825,1.860,21,0,0,0,0,0,0,0,0.0,0,False,,,,,,,,,,,
E51,CONFIRMED,260.233,261.033,0.80,260.433,6,4.9,"DOM_FEAR,DOM_SURPRISE,FEAR_THR,STARTLE,AROUSAL,CROSS_MODAL",,,,,,0.3227,0.2376,0.3860,0.1806,0.3200,0.2186,0.3895,0.2097,0.3227,0.2255,0.3238,0.1736,0.3682,0.1717,Surprise,0.1841,0.3881,0.2429,0.1289,3.800,5,16,0,0,0,0,0,4,4.0,0,False,,,,,,,,,,,
E52,CONFIRMED,261.733,263.433,1.70,261.967,6,3.9,"DOM_FEAR,FEAR_THR,TENSION,STARTLE,AROUSAL,CROSS_MODAL",,,,,,0.7229,0.4039,0.6822,0.4686,0.5090,0.3444,0.7442,0.5089,0.7229,0.4039,0.6826,0.4090,0.6805,0.4491,Fear,0.9284,0.0626,0.9111,0.3128,6.230,48,0,0,0,0,0,0,4,3.8,0,False,,,,,,,,,,,
E53,CONFIRMED,264.000,268.000,4.00,266.733,6,3.6,"DOM_FEAR,DOM_SURPRISE,FEAR_THR,STARTLE,AROUSAL,CROSS_MODAL",,,,,,0.5516,0.2822,0.5471,0.3070,0.3898,0.2601,0.6132,0.3387,0.5516,0.2795,0.5071,0.2649,0.5332,0.2943,Surprise,0.2308,0.5503,0.4013,0.1324,2.830,71,24,0,8,0,0,0,18,0.0,8,False,,,,,,,,,,,
E54,CANDIDATE,275.033,276.567,1.53,275.033,3,3.0,"DOM_FEAR,FEAR_THR,AROUSAL",,,,,,0.4542,0.3273,0.4385,0.2521,0.3360,0.2192,0.5029,0.3056,0.4542,0.3209,0.3630,0.2084,0.3989,0.2054,Fear,0.3435,0.2391,0.4317,0.0796,0.100,46,0,1,0,0,0,0,0,0.0,0,False,,,,,,,,,,,
E55,CANDIDATE,277.867,278.700,0.83,277.867,4,3.4,"FEAR_THR,STARTLE,AROUSAL,CROSS_MODAL",,,,,,0.3676,0.1495,0.1939,0.1085,0.2271,0.1237,0.2521,0.1180,0.2654,0.0458,0.2425,0.0984,0.1793,0.0909,Anger,0.1638,0.1207,0.4960,0.1299,3.720,0,6,4,0,0,0,0,16,0.0,0,False,,,,,,,,,,,
E56,CONFIRMED,285.233,293.833,8.60,285.833,6,3.5,"DOM_FEAR,DOM_SURPRISE,FEAR_THR,STARTLE,AROUSAL,CROSS_MODAL",,,,,,0.6858,0.3053,0.5607,0.3491,0.4074,0.2840,0.6773,0.3776,0.6858,0.2867,0.5682,0.2950,0.5547,0.3305,Fear,0.3746,0.2288,0.3284,0.1108,4.390,202,19,5,0,0,0,0,33,0.0,0,False,,,,,,,,,,,
E57,CANDIDATE,301.333,302.467,1.13,301.667,4,3.5,"DOM_FEAR,FEAR_THR,AROUSAL,CROSS_MODAL",,,,,,0.3827,0.2573,0.4425,0.2175,0.3204,0.1648,0.4703,0.2495,0.3827,0.1072,0.3641,0.1836,0.3433,0.1366,Fear,0.5301,0.0419,0.5427,0.1427,0.050,12,0,22,0,0,0,0,1,2.9,0,False,,,,,,,,,,,
E58,CONFIRMED,305.567,307.500,1.93,306.133,6,3.5,"DOM_FEAR,FEAR_THR,TENSION,STARTLE,AROUSAL,CROSS_MODAL",,,,,,0.4191,0.1081,0.5792,0.2055,0.4086,0.1616,0.6037,0.1891,0.4191,0.0864,0.4799,0.1760,0.5581,0.1893,Fear,0.6688,0.0833,0.3228,0.2055,1.130,20,0,3,0,2,0,0,34,16.9,0,False,,,,,,,,,,,
E59,CANDIDATE,309.067,311.267,2.20,309.733,4,3.2,"DOM_FEAR,FEAR_THR,AROUSAL,CROSS_MODAL",,,,,,0.3435,0.1910,0.4831,0.2942,0.3649,0.2369,0.4980,0.2900,0.3435,0.1817,0.3998,0.2460,0.4736,0.2784,Fear,0.4682,0.2516,0.3076,0.1124,0.070,52,0,0,0,3,0,0,12,7.5,0,False,,,,,,,,,,,
E60,CANDIDATE,315.700,328.333,12.63,316.800,4,3.2,"DOM_FEAR,FEAR_THR,AROUSAL,CROSS_MODAL",,,,,,0.7887,0.6952,0.5929,0.5595,0.4254,0.4013,0.7301,0.6827,0.7887,0.6942,0.4951,0.4648,0.5865,0.5481,Fear,0.8620,0.1189,1.2203,0.1003,0.020,379,0,1,0,0,0,0,0,0.0,0,False,,,,,,,,,,,
E61,CONFIRMED,333.433,334.067,0.63,333.700,5,3.8,"DOM_FEAR,FEAR_THR,STARTLE,AROUSAL,CROSS_MODAL",,,,,,0.3480,0.1920,0.4849,0.2478,0.3446,0.2191,0.5024,0.2483,0.3480,0.1890,0.4244,0.2192,0.4250,0.2213,Fear,0.1772,0.0658,0.1741,0.1861,0.820,10,4,0,2,0,0,1,3,0.0,1,False,,,,,,,,,,,
E62,CONFIRMED,336.400,344.233,7.83,337.067,5,3.9,"DOM_FEAR,FEAR_THR,STARTLE,AROUSAL,CROSS_MODAL",,,,,,0.8334,0.5050,0.6009,0.4452,0.4371,0.3463,0.7489,0.5210,0.8334,0.5046,0.6116,0.3752,0.5946,0.4354,Fear,0.4943,0.2888,0.4640,0.1340,3.590,209,3,0,2,0,0,1,21,0.0,7,False,,,,,,,,,,,
E63,CANDIDATE,357.367,361.967,4.60,357.767,4,3.1,"DOM_FEAR,FEAR_THR,AROUSAL,CROSS_MODAL",,,,,,0.5685,0.2322,0.5527,0.3608,0.4001,0.2912,0.6361,0.3628,0.5685,0.2322,0.4622,0.3028,0.5446,0.3433,Fear,0.6290,0.1013,0.4845,0.1120,0.820,126,0,0,0,0,0,0,13,0.0,0,False,,,,,,,,,,,
E64,CONFIRMED,363.800,365.000,1.20,364.800,5,3.4,"DOM_FEAR,FEAR_THR,TENSION,STARTLE,CROSS_MODAL",,,,,,0.2250,0.1287,0.2800,0.1484,0.2447,0.1409,0.2820,0.1434,0.2250,0.1143,0.2709,0.1322,0.2509,0.1297,Fear,0.2768,0.1545,0.2083,0.1501,0.010,2,0,0,0,0,0,0,35,18.9,0,False,,,,,,,,,,,
E65,CONFIRMED,368.033,371.800,3.77,371.200,6,4.3,"DOM_FEAR,DOM_SURPRISE,FEAR_THR,STARTLE,AROUSAL,CROSS_MODAL",,,,,,0.5446,0.3242,0.5404,0.3643,0.3968,0.2890,0.6128,0.3941,0.5446,0.3189,0.5536,0.3098,0.5225,0.3372,Surprise,0.2893,0.3457,0.4074,0.1237,2.160,92,9,2,8,0,0,0,3,0.0,1,False,,,,,,,,,,,
E66,CONFIRMED,372.533,374.767,2.23,373.200,5,3.3,"DOM_FEAR,DOM_SURPRISE,FEAR_THR,AROUSAL,CROSS_MODAL",,,,,,0.4037,0.2198,0.3261,0.1729,0.2318,0.1413,0.3698,0.2117,0.4037,0.1545,0.2723,0.1486,0.2584,0.1298,Surprise,0.2195,0.2816,0.3646,0.1351,0.660,33,5,8,3,1,0,2,16,10.3,11,False,,,,,,,,,,,
E67,CONFIRMED,375.367,377.033,1.67,375.733,5,4.4,"DOM_FEAR,FEAR_THR,STARTLE,AROUSAL,CROSS_MODAL",,,,,,0.3526,0.1901,0.3716,0.2116,0.3032,0.1930,0.3829,0.2182,0.3526,0.1837,0.3217,0.1938,0.3519,0.1955,Happiness,0.0163,0.0196,0.1505,0.1280,2.700,25,0,0,11,0,0,0,15,0.0,3,False,,,,,,,,,,,
E68,CANDIDATE,378.433,378.900,0.47,378.800,4,3.3,"DOM_SURPRISE,FEAR_THR,AROUSAL,CROSS_MODAL",,,,,,0.2485,0.1942,0.1818,0.1291,0.1938,0.1480,0.2106,0.1614,0.2485,0.1553,0.1470,0.1059,0.1526,0.1113,Surprise,0.1807,0.2943,0.2599,0.1439,0.060,0,11,0,0,0,0,0,4,0.0,0,False,,,,,,,,,,,
E69,CONFIRMED,385.733,386.667,0.93,386.133,5,3.7,"DOM_FEAR,FEAR_THR,TENSION,AROUSAL,CROSS_MODAL",,,,,,0.3376,0.2471,0.4153,0.2442,0.3459,0.2109,0.4014,0.2654,0.3308,0.1809,0.3400,0.2066,0.3880,0.2053,Fear,0.4469,0.1698,0.3663,0.2599,0.510,13,2,7,0,0,0,0,7,0.0,0,False,,,,,,,,,,,
E70,CANDIDATE,387.900,388.200,0.30,387.900,3,3.0,"DOM_FEAR,FEAR_THR,CROSS_MODAL",,,,,,0.2295,0.1378,0.2729,0.2231,0.2425,0.1977,0.2615,0.2077,0.2295,0.1378,0.2574,0.1922,0.2550,0.2041,Fear,0.3499,0.1978,0.1684,0.1574,1.760,6,0,0,0,0,0,0,4,0.0,0,False,,,,,,,,,,,
E71,CANDIDATE,395.067,396.967,1.90,395.067,4,3.2,"DOM_FEAR,FEAR_THR,AROUSAL,CROSS_MODAL",,,,,,0.4681,0.3159,0.4637,0.3498,0.3421,0.2647,0.4990,0.3815,0.4681,0.2972,0.3845,0.2948,0.4233,0.2913,Fear,0.4755,0.0710,0.3249,0.1161,0.180,55,0,3,0,0,0,0,0,0.0,0,False,,,,,,,,,,,
E72,CANDIDATE,405.300,411.067,5.77,409.633,4,3.2,"DOM_FEAR,FEAR_THR,AROUSAL,CROSS_MODAL",,,,,,0.4115,0.1407,0.5248,0.2694,0.3797,0.2191,0.5346,0.2515,0.4115,0.1221,0.4471,0.2277,0.4982,0.2518,Fear,0.7646,0.0499,0.3641,0.1598,0.580,128,0,9,0,4,0,0,33,0.0,3,False,,,,,,,,,,,
E73,CANDIDATE,411.833,412.200,0.37,411.833,3,3.0,"FEAR_THR,AROUSAL,CROSS_MODAL",,,,,,0.4620,0.3349,0.2645,0.1801,0.2133,0.1564,0.3504,0.2369,0.0000,0.0000,0.2264,0.1489,0.1670,0.1272,Neutral,0.1100,0.0709,0.3273,0.1784,0.330,0,0,11,0,0,0,0,1,0.0,0,False,,,,,,,,,,,
E74,CONFIRMED,414.500,415.533,1.03,414.833,5,3.7,"DOM_FEAR,DOM_SURPRISE,FEAR_THR,AROUSAL,CROSS_MODAL",,,,,,0.2828,0.1858,0.2767,0.1773,0.2588,0.1755,0.2898,0.1910,0.2828,0.1803,0.2263,0.1486,0.2524,0.1603,Surprise,0.2522,0.2765,0.3380,0.1335,0.040,12,3,0,0,0,0,0,17,0.0,0,False,,,,,,,,,,,
E75,CONFIRMED,416.333,419.733,3.40,417.133,6,3.7,"DOM_FEAR,DOM_SURPRISE,FEAR_THR,TENSION,STARTLE,CROSS_MODAL",,,,,,0.2769,0.1519,0.3564,0.2440,0.3089,0.2181,0.3370,0.2334,0.2769,0.1519,0.3448,0.2155,0.3448,0.2315,Surprise,0.3026,0.3354,0.2379,0.2128,1.380,54,7,0,0,0,0,0,42,0.0,0,False,,,,,,,,,,,
E76,CONFIRMED,424.767,433.367,8.60,427.000,5,3.3,"DOM_FEAR,FEAR_THR,STARTLE,AROUSAL,CROSS_MODAL",,,,,,0.5965,0.2656,0.6083,0.3671,0.4285,0.2825,0.6696,0.3773,0.5965,0.2656,0.5996,0.3094,0.5977,0.3516,Fear,0.8020,0.1189,0.7399,0.1585,7.550,205,0,0,0,0,0,0,54,2.3,0,False,,,,,,,,,,,
E77,CANDIDATE,434.367,434.900,0.53,434.433,4,3.5,"DOM_FEAR,FEAR_THR,AROUSAL,CROSS_MODAL",,,,,,0.2594,0.1964,0.3905,0.2598,0.3086,0.2160,0.3843,0.2647,0.2594,0.1964,0.3385,0.2220,0.3632,0.2391,Fear,0.5400,0.1903,0.3515,0.1213,0.660,14,0,0,0,0,0,0,3,11.8,0,False,,,,,,,,,,,
E78,CANDIDATE,435.933,436.700,0.77,435.933,3,2.7,"FEAR_THR,AROUSAL,CROSS_MODAL",,,,,,0.2209,0.1766,0.2084,0.1428,0.1756,0.1281,0.2347,0.1615,0.2209,0.0984,0.2329,0.1303,0.1852,0.1233,Neutral,0.2383,0.0993,0.3111,0.0856,0.020,1,0,0,0,0,0,0,23,0.0,0,False,,,,,,,,,,,
E79,CONFIRMED,438.000,444.833,6.83,438.367,5,3.8,"DOM_FEAR,FEAR_THR,STARTLE,AROUSAL,CROSS_MODAL",,,,,,0.3536,0.2179,0.4598,0.2765,0.3535,0.2343,0.4687,0.2834,0.3536,0.2173,0.3847,0.2353,0.4439,0.2591,Fear,0.5062,0.1416,0.3294,0.1227,0.280,152,2,0,0,0,0,0,52,1.0,0,False,,,,,,,,,,,
E80,CANDIDATE,446.067,446.933,0.87,446.233,4,3.8,"DOM_FEAR,FEAR_THR,AROUSAL,CROSS_MODAL",,,,,,0.3657,0.2221,0.4420,0.3015,0.3354,0.2405,0.4685,0.3091,0.3657,0.2221,0.3780,0.2536,0.4100,0.2790,Fear,0.4916,0.1552,0.3074,0.1226,0.020,22,0,0,0,0,0,0,5,11.1,0,False,,,,,,,,,,,
E81,CONFIRMED,463.533,480.600,17.07,472.767,6,3.8,"DOM_FEAR,FEAR_THR,TENSION,STARTLE,AROUSAL,CROSS_MODAL",,,,,,0.5164,0.2233,0.5599,0.2978,0.4035,0.2425,0.6043,0.3043,0.5164,0.2034,0.5205,0.2578,0.5534,0.2786,Neutral,0.2225,0.1116,0.2602,0.2060,4.010,351,5,16,0,0,0,0,141,6.0,0,False,,,,,,,,,,,
E82,CANDIDATE,491.500,491.933,0.43,491.500,3,3.0,"DOM_FEAR,FEAR_THR,CROSS_MODAL",,,,,,0.2051,0.0869,0.3434,0.1655,0.2694,0.1366,0.3101,0.1566,0.2051,0.0869,0.3069,0.1431,0.3280,0.1578,Fear,0.5029,0.1328,0.1369,0.1042,1.210,7,0,0,0,0,0,0,7,42.9,0,False,,,,,,,,,,,
E83,CANDIDATE,494.267,494.833,0.57,494.267,3,3.0,"FEAR_THR,STARTLE,CROSS_MODAL",,,,,,0.1599,0.1109,0.1896,0.1233,0.1698,0.1095,0.1809,0.1228,0.1577,0.0472,0.2999,0.1191,0.1597,0.1003,Neutral,0.1619,0.0677,0.1846,0.1137,0.840,0,0,0,0,0,0,0,18,11.1,0,False,,,,,,,,,,,
E84,CANDIDATE,495.600,498.833,3.23,496.800,4,3.1,"DOM_FEAR,FEAR_THR,STARTLE,CROSS_MODAL",,,,,,0.2816,0.1714,0.3813,0.2570,0.2883,0.2040,0.3764,0.2545,0.2816,0.1576,0.4027,0.2218,0.3554,0.2218,Fear,0.3651,0.0699,0.1633,0.0942,0.490,71,0,0,0,0,0,0,27,4.1,0,False,,,,,,,,,,,
E85,CONFIRMED,499.633,510.300,10.67,500.567,6,4.0,"DOM_FEAR,DOM_SURPRISE,FEAR_THR,STARTLE,AROUSAL,CROSS_MODAL",,,,,,0.6045,0.2886,0.5621,0.3658,0.4027,0.2879,0.6357,0.3842,0.6045,0.2874,0.5735,0.3113,0.5551,0.3408,Surprise,0.3243,0.3456,0.4786,0.0955,0.020,281,7,1,0,0,0,0,32,2.8,0,False,,,,,,,,,,,
E86,CONFIRMED,513.100,515.167,2.07,513.200,5,3.4,"DOM_FEAR,FEAR_THR,TENSION,STARTLE,CROSS_MODAL",,,,,,0.3536,0.1979,0.4862,0.2925,0.3689,0.2406,0.4929,0.2923,0.3536,0.1929,0.4230,0.2508,0.4689,0.2762,Fear,0.2773,0.1830,0.1615,0.1766,0.010,50,2,0,0,0,0,0,11,6.3,0,False,,,,,,,,,,,
E87,CANDIDATE,515.900,516.800,0.90,515.967,4,3.9,"DOM_FEAR,DOM_SURPRISE,FEAR_THR,CROSS_MODAL",,,,,,0.2067,0.1731,0.2698,0.2175,0.2563,0.2208,0.2690,0.2223,0.2067,0.1731,0.2271,0.1862,0.2633,0.2109,Surprise,0.3033,0.3338,0.2001,0.1049,0.330,10,15,0,0,0,0,0,3,0.0,0,False,,,,,,,,,,,
E88,CONFIRMED,517.733,518.300,0.57,517.967,5,4.3,"DOM_FEAR,DOM_SURPRISE,FEAR_THR,AROUSAL,CROSS_MODAL",,,,,,0.2646,0.1421,0.3364,0.2182,0.2749,0.2050,0.3392,0.2213,0.2646,0.1421,0.2859,0.1877,0.3180,0.2056,Surprise,0.3443,0.3922,0.3300,0.0311,0.100,8,6,0,0,0,0,0,4,0.0,0,False,,,,,,,,,,,
E89,CONFIRMED,519.733,526.433,6.70,525.233,6,3.8,"DOM_FEAR,FEAR_THR,TENSION,STARTLE,AROUSAL,CROSS_MODAL",,,,,,0.5571,0.2331,0.5707,0.3175,0.4174,0.2526,0.6280,0.3246,0.5571,0.2058,0.5107,0.2777,0.5527,0.2908,Fear,0.4055,0.2617,0.2623,0.2239,1.100,153,1,16,0,0,0,0,32,7.4,0,False,,,,,,,,,,,
E90,CONFIRMED,527.700,529.500,1.80,527.933,5,3.7,"DOM_FEAR,FEAR_THR,TENSION,STARTLE,CROSS_MODAL",,,,,,0.2417,0.1441,0.4162,0.2601,0.3440,0.2215,0.3808,0.2456,0.2417,0.1441,0.3797,0.2309,0.4000,0.2466,Fear,0.5309,0.1217,0.1251,0.2349,2.190,41,0,0,0,0,0,0,14,10.9,0,False,,,,,,,,,,,
E91,CANDIDATE,543.433,543.833,0.40,543.433,3,3.0,"DOM_SURPRISE,FEAR_THR,CROSS_MODAL",,,,,,0.1785,0.1207,0.2280,0.1754,0.2662,0.2259,0.2346,0.1708,0.1785,0.1207,0.1888,0.1452,0.2228,0.1693,Surprise,0.1656,0.3660,0.0246,0.1119,0.120,0,13,0,0,0,0,0,0,0.0,0,False,,,,,,,,,,,
E92,CONFIRMED,544.700,545.467,0.77,544.800,5,4.5,"DOM_SURPRISE,FEAR_THR,STARTLE,AROUSAL,CROSS_MODAL",,,,,,0.6000,0.3891,0.2589,0.1737,0.3036,0.2731,0.3246,0.2518,0.6000,0.3891,0.2534,0.1597,0.2463,0.1695,Surprise,0.1336,0.4664,0.1810,0.1076,2.520,0,24,0,0,0,0,0,0,0.0,0,False,,,,,,,,,,,
E93,CANDIDATE,547.933,548.733,0.80,547.967,4,3.4,"DOM_SURPRISE,FEAR_THR,AROUSAL,CROSS_MODAL",,,,,,0.4134,0.3643,0.2179,0.1707,0.2697,0.2468,0.2990,0.2480,0.4134,0.3643,0.1787,0.1432,0.2056,0.1610,Surprise,0.2430,0.5604,0.5732,0.1101,0.120,0,25,0,0,0,0,0,0,0.0,0,False,,,,,,,,,,,
E94,CANDIDATE,552.400,554.033,1.63,552.667,4,3.8,"DOM_FEAR,FEAR_THR,AROUSAL,CROSS_MODAL",,,,,,0.3032,0.2614,0.4255,0.3707,0.3406,0.3026,0.4296,0.3706,0.3032,0.2614,0.3495,0.3063,0.4053,0.3494,Fear,0.5341,0.1744,0.3249,0.1555,0.080,50,0,0,0,0,0,0,0,0.0,0,False,,,,,,,,,,,
E95,CANDIDATE,557.933,559.367,1.43,557.967,4,3.8,"DOM_FEAR,FEAR_THR,AROUSAL,CROSS_MODAL",,,,,,0.2649,0.1928,0.3371,0.2960,0.2847,0.2526,0.3301,0.2759,0.2649,0.1928,0.2865,0.2459,0.3226,0.2788,Fear,0.3941,0.1680,0.3011,0.1561,0.100,28,0,0,0,0,0,0,16,0.0,0,False,,,,,,,,,,,
E96,CONFIRMED,565.533,567.367,1.83,567.067,6,3.9,"DOM_SURPRISE,FEAR_THR,TENSION,STARTLE,AROUSAL,CROSS_MODAL",,,,,,0.3808,0.1156,0.5212,0.1276,0.3989,0.1307,0.5261,0.1282,0.3808,0.1109,0.4275,0.1188,0.4902,0.1210,Surprise,0.0862,0.4066,0.1410,0.2007,0.880,16,9,0,0,0,0,0,31,39.3,0,False,,,,,,,,,,,
FN_01,,,,,,,,,,,,,,,,,,,,,,,,,,,,,,,,,,,,,,,,,,,,,,,,,,,,,,,
FN_02,,,,,,,,,,,,,,,,,,,,,,,,,,,,,,,,,,,,,,,,,,,,,,,,,,,,,,,
FN_03,,,,,,,,,,,,,,,,,,,,,,,,,,,,,,,,,,,,,,,,,,,,,,,,,,,,,,,
FN_04,,,,,,,,,,,,,,,,,,,,,,,,,,,,,,,,,,,,,,,,,,,,,,,,,,,,,,,
FN_05,,,,,,,,,,,,,,,,,,,,,,,,,,,,,,,,,,,,,,,,,,,,,,,,,,,,,,,
FN_06,,,,,,,,,,,,,,,,,,,,,,,,,,,,,,,,,,,,,,,,,,,,,,,,,,,,,,,
FN_07,,,,,,,,,,,,,,,,,,,,,,,,,,,,,,,,,,,,,,,,,,,,,,,,,,,,,,,
FN_08,,,,,,,,,,,,,,,,,,,,,,,,,,,,,,,,,,,,,,,,,,,,,,,,,,,,,,,
FN_09,,,,,,,,,,,,,,,,,,,,,,,,,,,,,,,,,,,,,,,,,,,,,,,,,,,,,,,
FN_10,,,,,,,,,,,,,,,,,,,,,,,,,,,,,,,,,,,,,,,,,,,,,,,,,,,,,,,
